,sbj_id,rot,sent_id,congruency,baseword,count_fix,tot_dur,init_dur,single_fix,fomf_dur,gaze_dur,ssp_dur
0,10,2,18,yes,pobedo,8,3523,300,,300.0,2252,1271
1,10,2,17,no,vugipo,6,2304,224,,224.0,1971,333
2,10,2,3,yes,mudegare,6,1962,311,311.0,,311,1444
3,10,2,15,yes,cridolo,8,2676,212,,212.0,1684,718
4,10,2,6,no,tobufa,5,2251,660,,660.0,889,1362
5,10,2,7,yes,clivuno,6,2185,373,,373.0,1322,863
6,10,2,1,no,rugobare,7,2911,294,,294.0,1626,1285
7,10,2,13,no,dorguvo,2,1365,416,,416.0,1365,0
8,10,2,4,no,ceburo,4,1976,318,318.0,,318,1658
9,10,2,9,no,cettobo,4,1624,345,,345.0,1624,0
10,10,2,16,yes,ceveco,5,1426,304,,304.0,817,171
11,10,2,10,yes,criboto,4,1444,247,,247.0,1444,0
12,10,2,5,yes,vutuvo,10,3765,278,,278.0,2411,1354
13,10,2,8,no,vicrazo,6,1848,305,,305.0,1144,704
14,10,2,2,no,zudulare,5,1897,244,244.0,,244,1016
15,10,2,12,no,pubbano,6,2598,181,,181.0,725,961
16,10,2,14,yes,slibado,4,2002,345,,345.0,999,1003
17,10,2,11,yes,mernido,8,2337,172,,172.0,1468,869
18,11,1,17,yes,vugipo,5,1279,225,225.0,,225,842
19,11,1,14,no,slibado,5,1749,355,,355.0,1749,0
20,11,1,1,yes,rugobare,10,3677,252,252.0,,252,3425
21,11,1,10,no,criboto,8,1771,230,,230.0,1060,207
22,11,1,15,no,cridolo,10,3405,372,,372.0,3239,166
23,11,1,4,yes,ceburo,10,2750,265,,265.0,753,245
24,11,1,7,no,clivuno,9,2120,307,,307.0,1422,197
25,11,1,5,no,vutuvo,8,3163,668,668.0,,668,652
26,11,1,13,yes,dorguvo,5,1397,455,,455.0,881,258
27,11,1,11,no,mernido,5,1884,445,,445.0,716,1168
28,11,1,12,yes,pubbano,6,1905,274,,274.0,1619,286
29,11,1,2,yes,zudulare,8,3182,347,347.0,,347,2835
30,11,1,18,no,pobedo,5,1989,301,,301.0,1470,100
31,11,1,8,yes,vicrazo,2,522,235,,235.0,522,0
32,11,1,9,yes,cettobo,8,2384,405,,405.0,669,206
33,11,1,3,no,mudegare,10,2526,253,253.0,,253,1676
34,11,1,6,yes,tobufa,3,776,368,,368.0,776,0
35,11,1,16,no,ceveco,6,2032,265,,265.0,525,629
36,12,2,4,no,ceburo,4,2246,335,335.0,,335,214
37,12,2,18,yes,pobedo,7,3543,215,,215.0,1017,1190
38,12,2,15,yes,cridolo,6,2854,193,,193.0,1668,1186
39,12,2,6,no,tobufa,5,1716,241,241.0,,241,1475
40,12,2,5,yes,vutuvo,2,1320,907,,907.0,1320,0
41,12,2,16,yes,ceveco,2,1384,1042,,1042.0,1384,0
42,12,2,13,no,dorguvo,4,1462,270,,270.0,1462,0
43,12,2,1,no,rugobare,4,1381,220,220.0,,220,1161
44,12,2,2,no,zudulare,5,1719,226,226.0,,226,1493
45,12,2,9,no,cettobo,2,672,520,,520.0,672,0
46,12,2,10,yes,criboto,2,828,212,212.0,,212,616
47,12,2,12,no,pubbano,5,1364,281,,281.0,1364,0
48,12,2,17,no,vugipo,2,731,180,,180.0,731,0
49,12,2,11,yes,mernido,5,1832,446,,446.0,1832,0
50,12,2,3,yes,mudegare,3,960,313,,313.0,960,0
51,12,2,8,no,vicrazo,3,1072,553,,553.0,1072,0
52,12,2,14,yes,slibado,4,1978,974,974.0,,974,1004
53,12,2,7,yes,clivuno,4,1284,320,,320.0,528,756
54,13,1,15,no,cridolo,6,1965,335,335.0,,335,199
55,13,1,6,yes,tobufa,4,1271,284,284.0,,284,290
56,13,1,8,yes,vicrazo,2,575,255,255.0,,255,320
57,13,1,12,yes,pubbano,3,614,347,,347.0,468,146
58,13,1,13,yes,dorguvo,3,929,375,,375.0,929,0
59,13,1,7,no,clivuno,3,1172,328,,328.0,1172,0
60,13,1,18,no,pobedo,2,856,253,,253.0,856,0
61,13,1,16,no,ceveco,5,1874,301,,301.0,1179,695
62,13,1,1,yes,rugobare,7,2084,126,,126.0,988,1096
63,13,1,9,yes,cettobo,2,720,330,,330.0,720,0
64,13,1,3,no,mudegare,3,638,194,,194.0,638,0
65,13,1,2,yes,zudulare,5,1599,188,,188.0,1599,0
66,13,1,5,no,vutuvo,5,1619,297,,297.0,1619,0
67,13,1,4,yes,ceburo,4,1204,295,295.0,,295,909
68,13,1,17,yes,vugipo,3,1134,567,567.0,,567,567
69,13,1,10,no,criboto,5,1563,349,349.0,,349,937
70,13,1,14,no,slibado,4,1277,652,,652.0,1277,0
71,13,1,11,no,mernido,4,1340,265,,265.0,1340,0
72,14,2,6,no,tobufa,5,2193,512,,512.0,836,1357
73,14,2,12,no,pubbano,9,2705,284,,284.0,1000,1336
74,14,2,16,yes,ceveco,7,3231,304,,304.0,1082,461
75,14,2,9,no,cettobo,5,1272,463,,463.0,740,532
76,14,2,10,yes,criboto,7,2624,215,,215.0,1518,1106
77,14,2,8,no,vicrazo,6,2205,222,,222.0,1842,363
78,14,2,3,yes,mudegare,4,1870,320,,320.0,1870,0
79,14,2,2,no,zudulare,12,4129,465,,465.0,1232,183
80,14,2,5,yes,vutuvo,6,2330,301,,301.0,2330,0
81,14,2,17,no,vugipo,5,1375,181,,181.0,1375,0
82,14,2,13,no,dorguvo,8,2655,313,,313.0,1001,808
83,14,2,15,yes,cridolo,7,1921,370,370.0,,370,584
84,14,2,11,yes,mernido,4,2002,776,,776.0,1687,315
85,14,2,14,yes,slibado,8,1852,208,208.0,,208,924
86,14,2,7,yes,clivuno,6,1378,214,,214.0,358,762
87,14,2,18,yes,pobedo,7,1922,337,,337.0,1137,785
88,14,2,1,no,rugobare,18,5414,475,,475.0,1359,1175
89,14,2,4,no,ceburo,4,1059,291,291.0,,291,768
90,15,1,18,no,pobedo,9,2496,309,,309.0,1419,801
91,15,1,13,yes,dorguvo,8,1527,231,,231.0,529,153
92,15,1,8,yes,vicrazo,9,2176,299,,299.0,383,367
93,15,1,2,yes,zudulare,6,1299,190,,190.0,728,167
94,15,1,16,no,ceveco,9,1827,191,,191.0,604,858
95,15,1,1,yes,rugobare,5,1069,313,,313.0,1069,0
96,15,1,11,no,mernido,4,612,233,,233.0,612,0
97,15,1,7,no,clivuno,6,1629,329,,329.0,1035,594
98,15,1,14,no,slibado,2,629,338,338.0,,338,291
99,15,1,12,yes,pubbano,5,976,358,358.0,,358,618
100,15,1,9,yes,cettobo,1,503,503,503.0,,503,0
101,15,1,15,no,cridolo,8,1743,207,,207.0,669,1074
102,15,1,5,no,vutuvo,7,2071,246,,246.0,2071,0
103,15,1,17,yes,vugipo,2,760,506,506.0,,506,254
104,15,1,6,yes,tobufa,4,956,254,,254.0,652,304
105,15,1,4,yes,ceburo,2,375,219,,219.0,375,0
106,15,1,10,no,criboto,3,936,244,,244.0,936,0
107,15,1,3,no,mudegare,3,1048,349,,349.0,1048,0
108,16,2,5,yes,vutuvo,9,2023,128,,128.0,1205,818
109,16,2,4,no,ceburo,7,1195,120,,120.0,356,462
110,16,2,7,yes,clivuno,12,2543,115,,115.0,304,1442
111,16,2,9,no,cettobo,6,1298,184,,184.0,591,213
112,16,2,2,no,zudulare,13,2199,131,,131.0,990,735
113,16,2,14,yes,slibado,8,2108,152,,152.0,330,1104
114,16,2,8,no,vicrazo,8,1832,220,220.0,,220,544
115,16,2,10,yes,criboto,7,2266,134,,134.0,2266,0
116,16,2,12,no,pubbano,6,1335,170,,170.0,533,802
117,16,2,3,yes,mudegare,12,2616,142,,142.0,1267,670
118,16,2,6,no,tobufa,9,2793,114,,114.0,598,573
119,16,2,17,no,vugipo,10,2762,146,,146.0,722,149
120,16,2,1,no,rugobare,10,2311,139,,139.0,752,376
121,16,2,16,yes,ceveco,10,1852,168,,168.0,567,699
122,16,2,11,yes,mernido,7,1332,124,,124.0,1108,224
123,16,2,18,yes,pobedo,7,1533,167,,167.0,877,656
124,16,2,15,yes,cridolo,7,1582,244,,244.0,1312,270
125,16,2,13,no,dorguvo,10,2334,490,,490.0,940,758
126,17,1,17,yes,vugipo,5,1205,270,,270.0,1205,0
127,17,1,3,no,mudegare,4,1456,229,,229.0,1456,0
128,17,1,7,no,clivuno,5,1283,154,,154.0,353,930
129,17,1,8,yes,vicrazo,4,1019,194,194.0,,194,825
130,17,1,10,no,criboto,6,1468,191,,191.0,890,578
131,17,1,9,yes,cettobo,5,1335,104,,104.0,1335,0
132,17,1,14,no,slibado,6,1595,298,,298.0,516,1079
133,17,1,12,yes,pubbano,6,1527,420,,420.0,1527,0
134,17,1,2,yes,zudulare,3,1234,633,,633.0,1234,0
135,17,1,4,yes,ceburo,3,817,236,,236.0,817,0
136,17,1,5,no,vutuvo,6,1458,135,,135.0,858,600
137,17,1,1,yes,rugobare,3,693,309,309.0,,309,384
138,17,1,11,no,mernido,4,1243,585,,585.0,1243,0
139,17,1,16,no,ceveco,4,1101,238,,238.0,406,695
140,17,1,18,no,pobedo,4,1097,203,,203.0,451,646
141,17,1,15,no,cridolo,3,1034,200,200.0,,200,834
142,17,1,6,yes,tobufa,5,1023,200,,200.0,1023,0
143,17,1,13,yes,dorguvo,2,443,220,220.0,,220,223
144,18,2,11,yes,mernido,5,1277,198,198.0,,198,1079
145,18,2,9,no,cettobo,3,901,314,,314.0,901,0
146,18,2,2,no,zudulare,4,1679,299,,299.0,950,729
147,18,2,7,yes,clivuno,8,1764,232,232.0,,232,547
148,18,2,6,no,tobufa,2,666,198,198.0,,198,468
149,18,2,17,no,vugipo,1,360,360,360.0,,360,0
150,18,2,4,no,ceburo,6,1773,193,193.0,,193,684
151,18,2,15,yes,cridolo,2,472,301,301.0,,301,171
152,18,2,13,no,dorguvo,3,869,385,385.0,,385,273
153,18,2,12,no,pubbano,4,1849,344,,344.0,440,1409
154,18,2,8,no,vicrazo,3,950,187,187.0,,187,763
155,18,2,18,yes,pobedo,5,1758,268,,268.0,860,898
156,18,2,10,yes,criboto,4,1062,229,229.0,,229,833
157,18,2,16,yes,ceveco,4,1305,179,,179.0,442,863
158,18,2,3,yes,mudegare,5,1284,276,,276.0,1081,203
159,18,2,1,no,rugobare,6,2353,472,,472.0,2353,0
160,18,2,14,yes,slibado,4,1318,341,,341.0,1318,0
161,18,2,5,yes,vutuvo,4,1901,267,267.0,,267,566
162,19,1,2,yes,zudulare,10,4715,189,,189.0,955,1855
163,19,1,11,no,mernido,6,2109,326,,326.0,710,1399
164,19,1,7,no,clivuno,5,1626,268,,268.0,1626,0
165,19,1,1,yes,rugobare,11,6785,506,,506.0,1722,3797
166,19,1,17,yes,vugipo,4,1414,176,,176.0,1414,0
167,19,1,16,no,ceveco,1,276,276,276.0,,276,0
168,19,1,3,no,mudegare,11,4025,360,,360.0,802,1483
169,19,1,4,yes,ceburo,2,1471,1012,1012.0,,1012,459
170,19,1,9,yes,cettobo,7,6388,448,,448.0,3032,2682
171,19,1,6,yes,tobufa,7,5460,244,,244.0,989,977
172,19,1,5,no,vutuvo,9,3538,198,,198.0,934,526
173,19,1,14,no,slibado,9,3809,168,168.0,,168,504
174,19,1,18,no,pobedo,4,1949,221,221.0,,221,784
175,19,1,15,no,cridolo,17,6497,213,,213.0,745,283
176,19,1,12,yes,pubbano,3,1338,114,114.0,,114,283
177,19,1,10,no,criboto,8,2924,264,264.0,,264,343
178,19,1,13,yes,dorguvo,3,620,286,,286.0,454,166
179,19,1,8,yes,vicrazo,2,935,440,,440.0,935,0
180,1,1,16,no,ceveco,0,0,0,,,0,0
181,1,1,17,yes,vugipo,1,142,142,142.0,,142,0
182,1,1,15,no,cridolo,2,503,420,420.0,,420,83
183,1,1,3,no,mudegare,2,563,416,416.0,,416,147
184,1,1,18,no,pobedo,1,387,387,387.0,,387,0
185,1,1,11,no,mernido,2,562,282,,282.0,562,0
186,1,1,6,yes,tobufa,1,219,219,219.0,,219,0
187,1,1,14,no,slibado,1,383,383,383.0,,383,0
188,1,1,1,yes,rugobare,3,449,136,136.0,,136,313
189,1,1,5,no,vutuvo,3,857,395,,395.0,641,216
190,1,1,13,yes,dorguvo,2,548,393,,393.0,548,0
191,1,1,8,yes,vicrazo,2,269,176,176.0,,176,93
192,1,1,4,yes,ceburo,1,172,172,172.0,,172,0
193,1,1,7,no,clivuno,1,247,247,247.0,,247,0
194,1,1,10,no,criboto,1,272,272,272.0,,272,0
195,1,1,12,yes,pubbano,2,507,397,,397.0,507,0
196,1,1,2,yes,zudulare,1,172,172,172.0,,172,0
197,1,1,9,yes,cettobo,1,212,212,212.0,,212,0
198,20,2,14,yes,slibado,3,1246,465,,465.0,845,401
199,20,2,3,yes,mudegare,4,1018,279,,279.0,1018,0
200,20,2,16,yes,ceveco,6,1997,443,,443.0,1093,904
201,20,2,13,no,dorguvo,4,1431,275,,275.0,880,551
202,20,2,17,no,vugipo,4,1987,734,,734.0,1026,961
203,20,2,10,yes,criboto,3,1186,351,,351.0,1186,0
204,20,2,5,yes,vutuvo,6,1928,246,,246.0,1928,0
205,20,2,15,yes,cridolo,6,3112,518,518.0,,518,2067
206,20,2,7,yes,clivuno,4,1921,287,287.0,,287,833
207,20,2,4,no,ceburo,4,1323,293,,293.0,1323,0
208,20,2,9,no,cettobo,2,578,436,,436.0,578,0
209,20,2,18,yes,pobedo,4,1525,183,,183.0,823,119
210,20,2,6,no,tobufa,6,2549,535,535.0,,535,659
211,20,2,1,no,rugobare,10,3202,364,,364.0,2029,443
212,20,2,11,yes,mernido,2,1397,746,746.0,,746,651
213,20,2,12,no,pubbano,4,1258,428,,428.0,1258,0
214,20,2,2,no,zudulare,3,754,292,,292.0,754,0
215,20,2,8,no,vicrazo,3,1939,521,,521.0,868,1071
216,21,1,15,no,cridolo,3,2738,467,,467.0,2738,0
217,21,1,17,yes,vugipo,8,2901,235,,235.0,2901,0
218,21,1,4,yes,ceburo,4,1482,442,442.0,,442,655
219,21,1,9,yes,cettobo,3,1329,325,325.0,,325,1004
220,21,1,16,no,ceveco,8,2615,160,,160.0,1023,96
221,21,1,1,yes,rugobare,4,1532,285,,285.0,1532,0
222,21,1,18,no,pobedo,7,2547,338,,338.0,2464,83
223,21,1,11,no,mernido,5,1982,192,,192.0,897,1085
224,21,1,2,yes,zudulare,4,1139,401,,401.0,1139,0
225,21,1,3,no,mudegare,10,3310,220,,220.0,1195,206
226,21,1,8,yes,vicrazo,3,843,291,291.0,,291,552
227,21,1,5,no,vutuvo,7,2302,169,,169.0,431,1066
228,21,1,12,yes,pubbano,9,3413,95,,95.0,1035,1305
229,21,1,13,yes,dorguvo,5,1335,303,,303.0,1335,0
230,21,1,10,no,criboto,4,2725,267,,267.0,2725,0
231,21,1,7,no,clivuno,5,1590,259,,259.0,1590,0
232,21,1,6,yes,tobufa,3,1088,266,266.0,,266,822
233,21,1,14,no,slibado,5,1416,147,,147.0,975,441
234,22,2,2,no,zudulare,2,1610,238,,238.0,1610,0
235,22,2,15,yes,cridolo,6,2638,620,620.0,,620,816
236,22,2,18,yes,pobedo,3,861,265,,265.0,594,267
237,22,2,9,no,cettobo,3,895,230,,230.0,711,184
238,22,2,8,no,vicrazo,5,1706,288,288.0,,288,328
239,22,2,5,yes,vutuvo,6,1551,153,153.0,,153,346
240,22,2,13,no,dorguvo,4,1023,314,,314.0,549,326
241,22,2,4,no,ceburo,2,641,185,185.0,,185,456
242,22,2,7,yes,clivuno,2,210,124,,124.0,210,0
243,22,2,17,no,vugipo,4,940,183,183.0,,183,236
244,22,2,10,yes,criboto,2,457,222,222.0,,222,235
245,22,2,11,yes,mernido,8,2113,180,180.0,,180,779
246,22,2,16,yes,ceveco,2,549,271,,271.0,549,0
247,22,2,12,no,pubbano,5,1633,212,,212.0,1633,0
248,22,2,6,no,tobufa,2,631,310,,310.0,631,0
249,22,2,3,yes,mudegare,5,1467,236,,236.0,1304,163
250,22,2,14,yes,slibado,5,1232,243,,243.0,658,278
251,22,2,1,no,rugobare,9,2060,157,,157.0,581,453
252,23,1,17,yes,vugipo,5,2183,302,,302.0,1276,907
253,23,1,8,yes,vicrazo,5,2667,204,,204.0,1744,803
254,23,1,1,yes,rugobare,5,1723,243,,243.0,652,261
255,23,1,4,yes,ceburo,10,3317,161,,161.0,563,1270
256,23,1,6,yes,tobufa,1,372,372,372.0,,372,0
257,23,1,3,no,mudegare,9,2762,156,,156.0,1717,1045
258,23,1,5,no,vutuvo,5,2367,172,,172.0,1336,1031
259,23,1,7,no,clivuno,6,2752,358,,358.0,687,2065
260,23,1,10,no,criboto,5,1865,168,,168.0,839,1026
261,23,1,15,no,cridolo,3,1451,226,,226.0,735,716
262,23,1,2,yes,zudulare,3,1198,741,741.0,,741,457
263,23,1,16,no,ceveco,1,198,198,198.0,,198,0
264,23,1,18,no,pobedo,7,2479,253,,253.0,796,1307
265,23,1,11,no,mernido,8,3174,279,279.0,,279,815
266,23,1,12,yes,pubbano,3,815,268,,268.0,541,274
267,23,1,13,yes,dorguvo,5,1878,237,,237.0,1379,499
268,23,1,9,yes,cettobo,3,1317,214,,214.0,802,515
269,23,1,14,no,slibado,4,1899,242,,242.0,1899,0
270,24,2,14,yes,slibado,10,2872,214,214.0,,214,790
271,24,2,5,yes,vutuvo,7,2257,331,,331.0,726,577
272,24,2,8,no,vicrazo,13,5001,199,199.0,,199,2751
273,24,2,4,no,ceburo,7,3212,325,,325.0,2770,233
274,24,2,6,no,tobufa,5,2872,994,,994.0,2420,452
275,24,2,13,no,dorguvo,8,4294,613,,613.0,1430,1542
276,24,2,11,yes,mernido,2,1035,654,,654.0,1035,0
277,24,2,3,yes,mudegare,8,2568,375,,375.0,1462,288
278,24,2,16,yes,ceveco,4,1134,274,,274.0,866,268
279,24,2,7,yes,clivuno,6,1631,188,188.0,,188,1021
280,24,2,17,no,vugipo,2,911,662,662.0,,662,249
281,24,2,1,no,rugobare,9,3348,673,,673.0,2097,112
282,24,2,9,no,cettobo,9,4058,466,,466.0,795,530
283,24,2,18,yes,pobedo,11,3498,413,,413.0,2909,589
284,24,2,10,yes,criboto,8,4728,342,,342.0,3590,1138
285,24,2,15,yes,cridolo,3,1140,185,,185.0,1140,0
286,24,2,12,no,pubbano,9,3210,458,458.0,,458,254
287,24,2,2,no,zudulare,6,2967,642,,642.0,2546,421
288,25,1,6,yes,tobufa,3,1074,373,373.0,,373,701
289,25,1,13,yes,dorguvo,2,645,379,,379.0,645,0
290,25,1,9,yes,cettobo,3,899,414,,414.0,899,0
291,25,1,10,no,criboto,2,606,368,,368.0,606,0
292,25,1,2,yes,zudulare,1,199,199,199.0,,199,0
293,25,1,17,yes,vugipo,1,180,180,180.0,,180,0
294,25,1,15,no,cridolo,1,298,298,298.0,,298,0
295,25,1,12,yes,pubbano,2,572,178,,178.0,572,0
296,25,1,1,yes,rugobare,0,0,0,,,0,0
297,25,1,18,no,pobedo,1,138,138,138.0,,138,0
298,25,1,5,no,vutuvo,1,238,238,238.0,,238,0
299,25,1,14,no,slibado,2,586,219,,219.0,586,0
300,25,1,11,no,mernido,2,668,377,,377.0,668,0
301,25,1,8,yes,vicrazo,0,0,0,,,0,0
302,25,1,16,no,ceveco,1,188,188,188.0,,188,0
303,25,1,4,yes,ceburo,2,417,215,,215.0,417,0
304,25,1,7,no,clivuno,1,224,224,224.0,,224,0
305,25,1,3,no,mudegare,0,0,0,,,0,0
306,26,2,6,no,tobufa,7,1884,234,,234.0,1252,423
307,26,2,2,no,zudulare,12,2605,201,,201.0,953,577
308,26,2,18,yes,pobedo,5,1033,175,175.0,,175,858
309,26,2,10,yes,criboto,7,1666,176,,176.0,541,1125
310,26,2,3,yes,mudegare,8,2119,166,,166.0,2119,0
311,26,2,11,yes,mernido,6,1061,168,,168.0,1061,0
312,26,2,15,yes,cridolo,3,936,406,,406.0,936,0
313,26,2,14,yes,slibado,4,1730,172,,172.0,698,1032
314,26,2,13,no,dorguvo,9,2168,197,,197.0,2168,0
315,26,2,16,yes,ceveco,5,1130,136,,136.0,989,141
316,26,2,5,yes,vutuvo,8,2356,148,,148.0,1416,940
317,26,2,7,yes,clivuno,4,1030,234,,234.0,373,657
318,26,2,9,no,cettobo,2,419,308,308.0,,308,111
319,26,2,1,no,rugobare,2,458,208,,208.0,458,0
320,26,2,4,no,ceburo,6,1570,190,,190.0,288,1282
321,26,2,12,no,pubbano,3,1257,206,,206.0,1257,0
322,26,2,17,no,vugipo,3,998,522,,522.0,649,349
323,26,2,8,no,vicrazo,4,790,339,,339.0,619,171
324,27,1,15,no,cridolo,8,2609,358,,358.0,516,933
325,27,1,7,no,clivuno,8,1852,265,,265.0,1173,149
326,27,1,17,yes,vugipo,7,1728,419,,419.0,564,516
327,27,1,8,yes,vicrazo,9,2278,355,,355.0,1112,702
328,27,1,9,yes,cettobo,12,2783,209,,209.0,1460,150
329,27,1,10,no,criboto,7,1749,189,,189.0,414,329
330,27,1,5,no,vutuvo,13,2916,224,,224.0,988,207
331,27,1,13,yes,dorguvo,4,1074,201,,201.0,426,247
332,27,1,11,no,mernido,4,1065,405,405.0,,405,390
333,27,1,3,no,mudegare,14,3048,260,,260.0,1771,635
334,27,1,6,yes,tobufa,6,1742,255,,255.0,844,319
335,27,1,16,no,ceveco,14,3706,231,,231.0,1211,85
336,27,1,4,yes,ceburo,7,1913,228,228.0,,228,373
337,27,1,2,yes,zudulare,3,1101,334,,334.0,804,297
338,27,1,18,no,pobedo,6,1793,266,,266.0,597,347
339,27,1,1,yes,rugobare,8,1875,203,,203.0,690,138
340,27,1,12,yes,pubbano,2,565,316,,316.0,565,0
341,27,1,14,no,slibado,8,1853,186,,186.0,1549,304
342,28,2,13,no,dorguvo,3,1226,172,172.0,,172,668
343,28,2,9,no,cettobo,5,1425,213,213.0,,213,192
344,28,2,3,yes,mudegare,6,2178,256,,256.0,531,551
345,28,2,17,no,vugipo,3,541,215,215.0,,215,188
346,28,2,10,yes,criboto,7,2516,183,,183.0,415,409
347,28,2,7,yes,clivuno,7,2687,174,174.0,,174,229
348,28,2,2,no,zudulare,9,2448,234,,234.0,492,499
349,28,2,8,no,vicrazo,6,1264,180,,180.0,354,259
350,28,2,16,yes,ceveco,8,2066,411,,411.0,1037,1029
351,28,2,1,no,rugobare,8,2268,274,,274.0,2268,0
352,28,2,11,yes,mernido,5,1435,361,,361.0,1435,0
353,28,2,4,no,ceburo,4,1126,361,361.0,,361,355
354,28,2,14,yes,slibado,5,1109,294,,294.0,699,410
355,28,2,15,yes,cridolo,5,2355,207,,207.0,776,987
356,28,2,6,no,tobufa,1,1000,1000,1000.0,,1000,0
357,28,2,5,yes,vutuvo,4,1251,251,,251.0,1251,0
358,28,2,18,yes,pobedo,3,827,204,204.0,,204,623
359,28,2,12,no,pubbano,4,697,161,,161.0,327,370
360,29,1,16,no,ceveco,3,906,306,306.0,,306,254
361,29,1,3,no,mudegare,3,800,418,418.0,,418,213
362,29,1,12,yes,pubbano,3,730,296,296.0,,296,434
363,29,1,15,no,cridolo,2,656,269,269.0,,269,387
364,29,1,5,no,vutuvo,3,600,187,187.0,,187,191
365,29,1,7,no,clivuno,1,289,289,289.0,,289,0
366,29,1,2,yes,zudulare,2,855,313,313.0,,313,542
367,29,1,4,yes,ceburo,2,328,118,118.0,,118,210
368,29,1,10,no,criboto,1,268,268,268.0,,268,0
369,29,1,6,yes,tobufa,0,0,0,,,0,0
370,29,1,17,yes,vugipo,2,423,212,212.0,,212,211
371,29,1,14,no,slibado,3,542,239,239.0,,239,180
372,29,1,1,yes,rugobare,4,957,253,,253.0,491,333
373,29,1,9,yes,cettobo,0,0,0,,,0,0
374,29,1,18,no,pobedo,3,1049,290,290.0,,290,759
375,29,1,11,no,mernido,2,365,220,220.0,,220,145
376,29,1,13,yes,dorguvo,0,0,0,,,0,0
377,29,1,8,yes,vicrazo,2,412,260,260.0,,260,152
378,2,2,7,yes,clivuno,4,995,314,,314.0,995,0
379,2,2,11,yes,mernido,2,683,294,,294.0,683,0
380,2,2,2,no,zudulare,1,302,302,302.0,,302,0
381,2,2,18,yes,pobedo,4,1160,189,,189.0,1160,0
382,2,2,17,no,vugipo,1,501,501,501.0,,501,0
383,2,2,1,no,rugobare,2,395,172,172.0,,172,223
384,2,2,12,no,pubbano,3,732,117,117.0,,117,615
385,2,2,13,no,dorguvo,2,439,211,,211.0,439,0
386,2,2,10,yes,criboto,1,458,458,458.0,,458,0
387,2,2,6,no,tobufa,1,310,310,310.0,,310,0
388,2,2,16,yes,ceveco,3,753,313,,313.0,753,0
389,2,2,14,yes,slibado,2,624,273,,273.0,624,0
390,2,2,15,yes,cridolo,2,699,226,,226.0,699,0
391,2,2,9,no,cettobo,1,354,354,354.0,,354,0
392,2,2,8,no,vicrazo,3,537,90,90.0,,90,447
393,2,2,5,yes,vutuvo,1,209,209,209.0,,209,0
394,2,2,3,yes,mudegare,2,502,236,,236.0,502,0
395,2,2,4,no,ceburo,2,380,158,158.0,,158,222
396,30,2,1,no,rugobare,9,2952,254,,254.0,1855,278
397,30,2,3,yes,mudegare,6,1558,245,,245.0,1558,0
398,30,2,18,yes,pobedo,8,2273,246,,246.0,2273,0
399,30,2,7,yes,clivuno,4,1125,466,,466.0,1125,0
400,30,2,17,no,vugipo,6,1584,252,,252.0,985,599
401,30,2,16,yes,ceveco,4,1759,638,,638.0,799,486
402,30,2,5,yes,vutuvo,7,2249,170,,170.0,2249,0
403,30,2,9,no,cettobo,6,1368,205,,205.0,560,808
404,30,2,2,no,zudulare,9,2702,396,,396.0,2702,0
405,30,2,8,no,vicrazo,5,1255,217,217.0,,217,866
406,30,2,13,no,dorguvo,3,1419,589,,589.0,776,643
407,30,2,12,no,pubbano,4,955,232,,232.0,449,506
408,30,2,14,yes,slibado,6,1259,313,,313.0,1172,87
409,30,2,6,no,tobufa,4,1176,404,,404.0,499,677
410,30,2,4,no,ceburo,7,1746,177,,177.0,308,808
411,30,2,10,yes,criboto,2,599,257,,257.0,599,0
412,30,2,11,yes,mernido,5,1238,323,,323.0,1074,164
413,30,2,15,yes,cridolo,4,1112,289,289.0,,289,823
414,31,1,7,no,clivuno,6,2518,323,,323.0,627,1891
415,31,1,9,yes,cettobo,9,2463,286,,286.0,1385,251
416,31,1,11,no,mernido,4,2266,304,,304.0,2266,0
417,31,1,16,no,ceveco,5,2827,277,,277.0,2827,0
418,31,1,4,yes,ceburo,6,1857,142,142.0,,142,799
419,31,1,13,yes,dorguvo,4,1317,440,,440.0,1218,99
420,31,1,6,yes,tobufa,6,2179,530,530.0,,530,1503
421,31,1,1,yes,rugobare,5,2711,275,,275.0,821,1890
422,31,1,5,no,vutuvo,6,1437,254,254.0,,254,1183
423,31,1,12,yes,pubbano,5,1320,143,143.0,,143,1177
424,31,1,3,no,mudegare,4,1243,257,,257.0,1243,0
425,31,1,14,no,slibado,4,1801,325,,325.0,1105,552
426,31,1,15,no,cridolo,5,1602,256,,256.0,778,824
427,31,1,18,no,pobedo,5,3566,378,378.0,,378,698
428,31,1,2,yes,zudulare,1,182,182,182.0,,182,0
429,31,1,17,yes,vugipo,4,1630,427,427.0,,427,1203
430,31,1,10,no,criboto,3,846,275,,275.0,562,284
431,31,1,8,yes,vicrazo,2,432,329,329.0,,329,103
432,32,2,8,no,vicrazo,9,1467,121,,121.0,319,619
433,32,2,1,no,rugobare,15,2980,153,,153.0,455,407
434,32,2,12,no,pubbano,10,1982,117,117.0,,117,678
435,32,2,2,no,zudulare,7,1430,177,177.0,,177,403
436,32,2,14,yes,slibado,10,2631,156,,156.0,356,214
437,32,2,6,no,tobufa,4,692,143,,143.0,578,114
438,32,2,7,yes,clivuno,6,1741,232,232.0,,232,1308
439,32,2,13,no,dorguvo,9,2011,278,,278.0,842,172
440,32,2,3,yes,mudegare,4,988,181,,181.0,665,323
441,32,2,16,yes,ceveco,3,747,166,,166.0,747,0
442,32,2,4,no,ceburo,5,1187,136,,136.0,294,185
443,32,2,11,yes,mernido,5,1079,196,196.0,,196,588
444,32,2,10,yes,criboto,15,4802,440,,440.0,627,2863
445,32,2,5,yes,vutuvo,10,2703,221,,221.0,589,1775
446,32,2,15,yes,cridolo,2,537,215,,215.0,537,0
447,32,2,9,no,cettobo,5,1160,185,,185.0,563,597
448,32,2,18,yes,pobedo,3,555,187,187.0,,187,368
449,32,2,17,no,vugipo,8,1526,156,,156.0,776,292
450,33,1,8,yes,vicrazo,4,1017,146,146.0,,146,221
451,33,1,9,yes,cettobo,6,2129,334,334.0,,334,773
452,33,1,15,no,cridolo,4,1327,121,121.0,,121,1206
453,33,1,3,no,mudegare,6,2091,275,,275.0,884,1207
454,33,1,16,no,ceveco,6,1872,229,229.0,,229,204
455,33,1,7,no,clivuno,3,508,170,170.0,,170,172
456,33,1,4,yes,ceburo,3,934,289,289.0,,289,645
457,33,1,11,no,mernido,1,592,592,592.0,,592,0
458,33,1,18,no,pobedo,4,1791,349,349.0,,349,146
459,33,1,6,yes,tobufa,2,855,236,,236.0,855,0
460,33,1,1,yes,rugobare,4,967,272,,272.0,510,457
461,33,1,17,yes,vugipo,3,877,640,,640.0,762,115
462,33,1,5,no,vutuvo,4,1325,275,275.0,,275,302
463,33,1,10,no,criboto,3,965,157,157.0,,157,808
464,33,1,12,yes,pubbano,3,955,544,,544.0,739,216
465,33,1,2,yes,zudulare,2,825,341,,341.0,825,0
466,33,1,13,yes,dorguvo,2,500,278,,278.0,500,0
467,33,1,14,no,slibado,2,882,576,576.0,,576,306
468,34,2,4,no,ceburo,6,3214,262,,262.0,2918,296
469,34,2,10,yes,criboto,9,2917,268,,268.0,1004,1702
470,34,2,14,yes,slibado,5,1554,309,309.0,,309,686
471,34,2,15,yes,cridolo,12,4290,319,,319.0,3894,396
472,34,2,7,yes,clivuno,7,2844,326,326.0,,326,1910
473,34,2,5,yes,vutuvo,5,2399,589,,589.0,833,934
474,34,2,6,no,tobufa,5,2444,1009,1009.0,,1009,895
475,34,2,1,no,rugobare,6,2442,824,,824.0,1476,966
476,34,2,8,no,vicrazo,8,4013,341,341.0,,341,665
477,34,2,12,no,pubbano,4,1168,484,,484.0,1011,157
478,34,2,16,yes,ceveco,6,1887,256,,256.0,1887,0
479,34,2,2,no,zudulare,4,1516,776,776.0,,776,538
480,34,2,3,yes,mudegare,5,2166,415,,415.0,824,258
481,34,2,13,no,dorguvo,8,2644,447,,447.0,981,1663
482,34,2,18,yes,pobedo,8,2996,228,,228.0,2996,0
483,34,2,17,no,vugipo,6,1909,547,,547.0,1789,120
484,34,2,9,no,cettobo,6,1604,343,,343.0,1604,0
485,34,2,11,yes,mernido,12,4590,269,,269.0,2346,1467
486,35,1,13,yes,dorguvo,3,1170,234,234.0,,234,936
487,35,1,2,yes,zudulare,3,1208,466,466.0,,466,742
488,35,1,14,no,slibado,6,2706,488,,488.0,617,842
489,35,1,17,yes,vugipo,4,1357,515,,515.0,1357,0
490,35,1,11,no,mernido,2,1131,591,,591.0,1131,0
491,35,1,18,no,pobedo,5,1764,299,299.0,,299,1297
492,35,1,5,no,vutuvo,2,1445,365,365.0,,365,1080
493,35,1,7,no,clivuno,4,1256,221,,221.0,1256,0
494,35,1,15,no,cridolo,2,565,400,400.0,,400,165
495,35,1,3,no,mudegare,3,824,191,191.0,,191,633
496,35,1,4,yes,ceburo,2,598,434,,434.0,598,0
497,35,1,1,yes,rugobare,5,1433,221,,221.0,1433,0
498,35,1,9,yes,cettobo,5,1951,601,,601.0,1951,0
499,35,1,6,yes,tobufa,3,684,305,,305.0,684,0
500,35,1,16,no,ceveco,3,1029,237,,237.0,1029,0
501,35,1,12,yes,pubbano,2,553,260,,260.0,553,0
502,35,1,8,yes,vicrazo,1,408,408,408.0,,408,0
503,35,1,10,no,criboto,5,1604,196,,196.0,424,1180
504,36,2,13,no,dorguvo,7,2098,353,353.0,,353,1151
505,36,2,3,yes,mudegare,6,1736,171,171.0,,171,1565
506,36,2,18,yes,pobedo,4,1261,327,327.0,,327,934
507,36,2,9,no,cettobo,5,1843,314,,314.0,1041,802
508,36,2,11,yes,mernido,3,969,272,,272.0,737,232
509,36,2,7,yes,clivuno,6,1636,386,386.0,,386,154
510,36,2,15,yes,cridolo,5,1294,222,222.0,,222,898
511,36,2,16,yes,ceveco,3,675,197,,197.0,675,0
512,36,2,17,no,vugipo,4,1104,343,,343.0,707,397
513,36,2,10,yes,criboto,4,1228,199,,199.0,811,417
514,36,2,6,no,tobufa,3,681,294,294.0,,294,291
515,36,2,4,no,ceburo,2,490,265,265.0,,265,225
516,36,2,14,yes,slibado,4,1018,242,,242.0,831,187
517,36,2,12,no,pubbano,2,660,307,307.0,,307,353
518,36,2,1,no,rugobare,3,843,184,,184.0,843,0
519,36,2,5,yes,vutuvo,3,1225,837,,837.0,1011,214
520,36,2,2,no,zudulare,3,721,209,,209.0,638,83
521,36,2,8,no,vicrazo,2,508,244,,244.0,508,0
522,37,1,9,yes,cettobo,6,1884,135,,135.0,1056,828
523,37,1,12,yes,pubbano,4,1123,441,,441.0,895,228
524,37,1,4,yes,ceburo,8,2227,210,,210.0,452,1157
525,37,1,10,no,criboto,5,1415,163,,163.0,918,497
526,37,1,16,no,ceveco,2,523,217,,217.0,523,0
527,37,1,2,yes,zudulare,3,953,471,,471.0,953,0
528,37,1,5,no,vutuvo,6,2656,222,,222.0,1506,238
529,37,1,17,yes,vugipo,5,1545,156,,156.0,1545,0
530,37,1,8,yes,vicrazo,6,1635,266,,266.0,770,865
531,37,1,14,no,slibado,4,947,177,,177.0,947,0
532,37,1,13,yes,dorguvo,1,488,488,488.0,,488,0
533,37,1,18,no,pobedo,4,1287,257,,257.0,888,399
534,37,1,3,no,mudegare,7,2563,407,,407.0,2563,0
535,37,1,11,no,mernido,5,1594,317,,317.0,1594,0
536,37,1,15,no,cridolo,4,1439,330,,330.0,953,486
537,37,1,7,no,clivuno,4,1265,320,320.0,,320,945
538,37,1,1,yes,rugobare,4,1030,257,,257.0,817,213
539,37,1,6,yes,tobufa,1,466,466,466.0,,466,0
540,38,2,1,no,rugobare,14,3540,320,,320.0,580,756
541,38,2,9,no,cettobo,4,1281,463,463.0,,463,163
542,38,2,18,yes,pobedo,9,3104,264,264.0,,264,690
543,38,2,13,no,dorguvo,11,3759,279,,279.0,879,487
544,38,2,3,yes,mudegare,3,989,282,,282.0,989,0
545,38,2,16,yes,ceveco,10,3444,364,,364.0,1120,975
546,38,2,8,no,vicrazo,6,1390,284,284.0,,284,516
547,38,2,4,no,ceburo,9,2703,221,221.0,,221,140
548,38,2,15,yes,cridolo,3,732,262,262.0,,262,191
549,38,2,6,no,tobufa,3,745,276,276.0,,276,329
550,38,2,11,yes,mernido,4,1243,283,,283.0,502,194
551,38,2,7,yes,clivuno,6,1558,256,256.0,,256,650
552,38,2,12,no,pubbano,3,617,232,,232.0,480,137
553,38,2,2,no,zudulare,10,2773,294,,294.0,741,1312
554,38,2,5,yes,vutuvo,4,981,163,163.0,,163,548
555,38,2,17,no,vugipo,5,1894,285,285.0,,285,163
556,38,2,10,yes,criboto,4,746,221,221.0,,221,345
557,38,2,14,yes,slibado,5,1512,214,,214.0,1249,263
558,39,1,13,yes,dorguvo,5,2143,1014,,1014.0,1825,318
559,39,1,10,no,criboto,9,3802,273,,273.0,746,3056
560,39,1,2,yes,zudulare,5,1531,291,,291.0,823,708
561,39,1,16,no,ceveco,3,1096,347,,347.0,1003,93
562,39,1,11,no,mernido,6,2294,786,,786.0,1787,413
563,39,1,18,no,pobedo,9,3140,273,,273.0,985,2155
564,39,1,14,no,slibado,8,2613,288,,288.0,810,649
565,39,1,4,yes,ceburo,4,1539,597,597.0,,597,942
566,39,1,5,no,vutuvo,3,1549,959,,959.0,1156,393
567,39,1,9,yes,cettobo,3,1433,294,,294.0,1433,0
568,39,1,1,yes,rugobare,6,2323,497,,497.0,2323,0
569,39,1,12,yes,pubbano,4,1399,377,,377.0,1399,0
570,39,1,15,no,cridolo,5,2194,684,684.0,,684,1510
571,39,1,6,yes,tobufa,7,2165,520,520.0,,520,1645
572,39,1,17,yes,vugipo,3,1188,406,,406.0,1006,182
573,39,1,7,no,clivuno,4,1336,363,363.0,,363,973
574,39,1,3,no,mudegare,4,1828,669,,669.0,1828,0
575,39,1,8,yes,vicrazo,5,1416,199,199.0,,199,1217
576,3,1,8,yes,vicrazo,20,6703,146,,146.0,502,4367
577,3,1,9,yes,cettobo,5,1332,325,,325.0,1081,251
578,3,1,15,no,cridolo,14,5174,249,,249.0,2760,2022
579,3,1,2,yes,zudulare,7,2255,632,,632.0,1004,1251
580,3,1,17,yes,vugipo,13,4125,371,,371.0,1541,1383
581,3,1,12,yes,pubbano,6,3208,258,,258.0,3208,0
582,3,1,7,no,clivuno,8,2832,276,,276.0,2832,0
583,3,1,6,yes,tobufa,9,3125,278,,278.0,2414,711
584,3,1,13,yes,dorguvo,10,2926,478,,478.0,2926,0
585,3,1,1,yes,rugobare,5,1306,168,,168.0,438,868
586,3,1,16,no,ceveco,6,2307,255,,255.0,2307,0
587,3,1,11,no,mernido,5,1286,193,,193.0,1164,122
588,3,1,3,no,mudegare,5,1742,207,,207.0,1742,0
589,3,1,14,no,slibado,6,2465,527,527.0,,527,1938
590,3,1,10,no,criboto,10,2488,231,,231.0,2113,375
591,3,1,5,no,vutuvo,11,3392,184,,184.0,2094,1298
592,3,1,4,yes,ceburo,8,2876,506,,506.0,1446,391
593,3,1,18,no,pobedo,7,2340,464,,464.0,601,390
594,40,2,6,no,tobufa,0,0,0,,,0,0
595,40,2,9,no,cettobo,2,530,313,313.0,,313,217
596,40,2,4,no,ceburo,2,840,541,541.0,,541,299
597,40,2,8,no,vicrazo,1,293,293,293.0,,293,0
598,40,2,1,no,rugobare,8,4111,642,642.0,,642,2492
599,40,2,18,yes,pobedo,5,3147,309,309.0,,309,194
600,40,2,11,yes,mernido,5,2772,1375,,1375.0,1911,861
601,40,2,12,no,pubbano,3,1292,390,,390.0,918,374
602,40,2,15,yes,cridolo,1,301,301,301.0,,301,0
603,40,2,2,no,zudulare,3,1525,852,,852.0,1159,366
604,40,2,3,yes,mudegare,0,0,0,,,0,0
605,40,2,7,yes,clivuno,0,0,0,,,0,0
606,40,2,13,no,dorguvo,4,2889,776,776.0,,776,262
607,40,2,5,yes,vutuvo,0,0,0,,,0,0
608,40,2,17,no,vugipo,0,0,0,,,0,0
609,40,2,10,yes,criboto,0,0,0,,,0,0
610,40,2,16,yes,ceveco,0,0,0,,,0,0
611,40,2,14,yes,slibado,0,0,0,,,0,0
612,41,1,3,no,mudegare,14,3406,333,333.0,,333,1660
613,41,1,18,no,pobedo,9,2673,304,,304.0,1458,1215
614,41,1,14,no,slibado,12,3540,175,,175.0,832,1362
615,41,1,16,no,ceveco,9,3477,254,,254.0,1613,367
616,41,1,9,yes,cettobo,15,5453,225,,225.0,1719,1740
617,41,1,12,yes,pubbano,6,1811,302,302.0,,302,604
618,41,1,13,yes,dorguvo,7,2463,436,,436.0,1792,671
619,41,1,5,no,vutuvo,6,2350,317,,317.0,617,1733
620,41,1,1,yes,rugobare,7,2016,210,210.0,,210,377
621,41,1,4,yes,ceburo,3,932,268,268.0,,268,244
622,41,1,11,no,mernido,15,4655,230,230.0,,230,4425
623,41,1,17,yes,vugipo,8,3458,261,,261.0,3458,0
624,41,1,10,no,criboto,19,7964,206,206.0,,206,6980
625,41,1,7,no,clivuno,6,2250,575,,575.0,817,475
626,41,1,8,yes,vicrazo,14,4896,250,250.0,,250,271
627,41,1,6,yes,tobufa,13,4641,402,,402.0,1338,742
628,41,1,15,no,cridolo,5,1341,294,,294.0,458,883
629,41,1,2,yes,zudulare,7,2580,204,204.0,,204,786
630,42,2,13,no,dorguvo,5,2083,272,,272.0,1775,308
631,42,2,16,yes,ceveco,5,1491,236,,236.0,842,301
632,42,2,6,no,tobufa,4,1686,247,,247.0,1686,0
633,42,2,9,no,cettobo,10,2562,232,,232.0,870,607
634,42,2,10,yes,criboto,6,1603,282,,282.0,1214,389
635,42,2,3,yes,mudegare,9,2548,203,,203.0,1137,609
636,42,2,8,no,vicrazo,6,1188,211,211.0,,211,651
637,42,2,4,no,ceburo,3,1091,233,,233.0,703,388
638,42,2,1,no,rugobare,7,1476,224,,224.0,1106,370
639,42,2,14,yes,slibado,4,1096,232,,232.0,397,699
640,42,2,12,no,pubbano,7,1533,246,,246.0,435,1098
641,42,2,15,yes,cridolo,2,846,479,479.0,,479,367
642,42,2,2,no,zudulare,13,2749,222,,222.0,1414,594
643,42,2,5,yes,vutuvo,6,1910,243,,243.0,1910,0
644,42,2,17,no,vugipo,5,1214,191,,191.0,728,186
645,42,2,18,yes,pobedo,7,1360,220,,220.0,497,341
646,42,2,7,yes,clivuno,6,1273,93,,93.0,888,385
647,42,2,11,yes,mernido,9,2300,168,,168.0,787,949
648,43,1,3,no,mudegare,3,1040,258,,258.0,436,604
649,43,1,7,no,clivuno,5,1021,210,,210.0,389,181
650,43,1,16,no,ceveco,9,2198,261,,261.0,1144,477
651,43,1,18,no,pobedo,8,1842,261,261.0,,261,852
652,43,1,5,no,vutuvo,3,793,267,,267.0,793,0
653,43,1,8,yes,vicrazo,1,140,140,140.0,,140,0
654,43,1,12,yes,pubbano,3,517,254,,254.0,517,0
655,43,1,9,yes,cettobo,3,522,179,,179.0,522,0
656,43,1,11,no,mernido,7,1591,277,,277.0,1330,261
657,43,1,10,no,criboto,2,424,244,,244.0,424,0
658,43,1,4,yes,ceburo,2,614,318,,318.0,614,0
659,43,1,15,no,cridolo,5,1325,611,611.0,,611,614
660,43,1,14,no,slibado,7,1571,295,,295.0,1083,488
661,43,1,17,yes,vugipo,3,682,359,,359.0,682,0
662,43,1,6,yes,tobufa,3,694,249,,249.0,694,0
663,43,1,2,yes,zudulare,5,1366,387,,387.0,1366,0
664,43,1,13,yes,dorguvo,3,741,186,,186.0,741,0
665,43,1,1,yes,rugobare,2,459,234,,234.0,459,0
666,44,2,7,yes,clivuno,10,2625,144,144.0,,144,314
667,44,2,4,no,ceburo,4,1152,124,124.0,,124,143
668,44,2,17,no,vugipo,5,1205,167,,167.0,1205,0
669,44,2,9,no,cettobo,2,593,364,,364.0,593,0
670,44,2,18,yes,pobedo,3,1031,278,278.0,,278,386
671,44,2,14,yes,slibado,9,3201,318,318.0,,318,214
672,44,2,10,yes,criboto,3,1142,253,,253.0,457,685
673,44,2,12,no,pubbano,5,2525,279,,279.0,585,580
674,44,2,5,yes,vutuvo,5,1979,184,,184.0,330,747
675,44,2,15,yes,cridolo,5,1666,269,,269.0,596,1070
676,44,2,8,no,vicrazo,7,2022,267,267.0,,267,145
677,44,2,2,no,zudulare,6,1453,240,,240.0,1155,298
678,44,2,11,yes,mernido,6,2122,148,,148.0,1522,600
679,44,2,1,no,rugobare,6,2077,512,512.0,,512,1565
680,44,2,6,no,tobufa,6,1845,231,,231.0,1085,760
681,44,2,16,yes,ceveco,3,985,234,,234.0,561,424
682,44,2,13,no,dorguvo,4,1195,257,257.0,,257,938
683,44,2,3,yes,mudegare,7,2227,159,,159.0,370,1857
684,45,1,13,yes,dorguvo,13,3162,173,,173.0,1170,1517
685,45,1,18,no,pobedo,9,1947,272,,272.0,766,280
686,45,1,16,no,ceveco,7,1378,327,,327.0,617,761
687,45,1,4,yes,ceburo,5,976,205,205.0,,205,649
688,45,1,14,no,slibado,8,1924,294,294.0,,294,1630
689,45,1,6,yes,tobufa,9,1662,256,,256.0,1662,0
690,45,1,15,no,cridolo,4,988,172,172.0,,172,816
691,45,1,7,no,clivuno,5,1101,196,,196.0,1101,0
692,45,1,12,yes,pubbano,5,929,252,,252.0,456,473
693,45,1,10,no,criboto,5,789,170,,170.0,404,385
694,45,1,3,no,mudegare,6,1328,286,286.0,,286,137
695,45,1,2,yes,zudulare,12,2226,247,247.0,,247,1676
696,45,1,1,yes,rugobare,5,1525,268,,268.0,632,893
697,45,1,11,no,mernido,3,938,306,,306.0,938,0
698,45,1,8,yes,vicrazo,20,4352,254,,254.0,1190,3162
699,45,1,17,yes,vugipo,4,814,257,,257.0,596,218
700,45,1,9,yes,cettobo,3,685,292,,292.0,685,0
701,45,1,5,no,vutuvo,2,488,271,271.0,,271,217
702,46,2,3,yes,mudegare,3,1797,631,,631.0,1797,0
703,46,2,2,no,zudulare,1,1150,1150,1150.0,,1150,0
704,46,2,14,yes,slibado,3,980,548,,548.0,980,0
705,46,2,4,no,ceburo,6,1815,210,,210.0,607,1208
706,46,2,17,no,vugipo,2,1434,1009,,1009.0,1434,0
707,46,2,15,yes,cridolo,3,1452,243,243.0,,243,1023
708,46,2,5,yes,vutuvo,1,685,685,685.0,,685,0
709,46,2,1,no,rugobare,3,981,401,,401.0,981,0
710,46,2,6,no,tobufa,1,424,424,424.0,,424,0
711,46,2,8,no,vicrazo,2,805,533,533.0,,533,272
712,46,2,12,no,pubbano,1,413,413,413.0,,413,0
713,46,2,10,yes,criboto,3,846,210,,210.0,846,0
714,46,2,16,yes,ceveco,2,612,322,,322.0,612,0
715,46,2,7,yes,clivuno,4,975,306,,306.0,591,384
716,46,2,11,yes,mernido,2,633,527,,527.0,633,0
717,46,2,18,yes,pobedo,2,505,279,279.0,,279,226
718,46,2,9,no,cettobo,3,933,413,413.0,,413,520
719,46,2,13,no,dorguvo,3,757,317,,317.0,757,0
720,47,1,10,no,criboto,6,2700,274,,274.0,2700,0
721,47,1,9,yes,cettobo,3,1007,427,,427.0,583,424
722,47,1,1,yes,rugobare,5,1147,211,,211.0,851,296
723,47,1,6,yes,tobufa,2,2145,454,,454.0,2145,0
724,47,1,12,yes,pubbano,3,1516,619,,619.0,1516,0
725,47,1,15,no,cridolo,2,783,286,,286.0,783,0
726,47,1,3,no,mudegare,6,1728,434,,434.0,1728,0
727,47,1,11,no,mernido,4,1634,130,130.0,,130,353
728,47,1,17,yes,vugipo,3,978,339,,339.0,804,174
729,47,1,18,no,pobedo,6,2749,242,,242.0,2749,0
730,47,1,2,yes,zudulare,8,3186,531,,531.0,1976,1210
731,47,1,16,no,ceveco,6,1985,295,,295.0,1162,823
732,47,1,14,no,slibado,9,2371,174,,174.0,1558,813
733,47,1,13,yes,dorguvo,5,1522,304,,304.0,1522,0
734,47,1,5,no,vutuvo,7,1772,147,,147.0,1336,436
735,47,1,4,yes,ceburo,3,676,187,,187.0,513,163
736,47,1,7,no,clivuno,5,1360,264,,264.0,1135,225
737,47,1,8,yes,vicrazo,4,1034,373,373.0,,373,661
738,48,2,7,yes,clivuno,8,2396,342,,342.0,588,961
739,48,2,12,no,pubbano,8,2048,213,,213.0,487,1561
740,48,2,5,yes,vutuvo,4,1329,468,,468.0,651,381
741,48,2,10,yes,criboto,4,784,185,185.0,,185,599
742,48,2,3,yes,mudegare,3,932,246,,246.0,526,406
743,48,2,8,no,vicrazo,5,788,256,,256.0,788,0
744,48,2,1,no,rugobare,4,865,189,,189.0,697,168
745,48,2,6,no,tobufa,2,592,344,344.0,,344,248
746,48,2,18,yes,pobedo,7,1549,156,,156.0,1039,510
747,48,2,4,no,ceburo,7,1844,169,,169.0,627,1217
748,48,2,16,yes,ceveco,6,1235,103,,103.0,287,419
749,48,2,15,yes,cridolo,4,966,248,,248.0,528,438
750,48,2,11,yes,mernido,8,1958,280,,280.0,1341,505
751,48,2,2,no,zudulare,5,1431,483,,483.0,1431,0
752,48,2,9,no,cettobo,4,1148,457,457.0,,457,155
753,48,2,17,no,vugipo,3,817,204,,204.0,817,0
754,48,2,13,no,dorguvo,7,1924,373,,373.0,1924,0
755,48,2,14,yes,slibado,2,249,126,,126.0,249,0
756,49,1,1,yes,rugobare,8,4233,446,,446.0,4233,0
757,49,1,18,no,pobedo,4,1087,335,,335.0,537,247
758,49,1,9,yes,cettobo,4,2209,220,,220.0,2209,0
759,49,1,2,yes,zudulare,4,1516,273,,273.0,1306,210
760,49,1,16,no,ceveco,2,866,160,160.0,,160,706
761,49,1,6,yes,tobufa,5,2722,531,,531.0,2006,716
762,49,1,13,yes,dorguvo,6,2639,847,,847.0,1048,1591
763,49,1,17,yes,vugipo,1,1104,1104,1104.0,,1104,0
764,49,1,12,yes,pubbano,2,1302,1162,,1162.0,1302,0
765,49,1,3,no,mudegare,8,3041,379,,379.0,3041,0
766,49,1,8,yes,vicrazo,1,276,276,276.0,,276,0
767,49,1,7,no,clivuno,2,1017,245,,245.0,1017,0
768,49,1,11,no,mernido,3,1348,317,,317.0,1348,0
769,49,1,4,yes,ceburo,3,1027,235,235.0,,235,792
770,49,1,10,no,criboto,5,1498,168,,168.0,1498,0
771,49,1,14,no,slibado,6,1404,207,,207.0,803,601
772,49,1,15,no,cridolo,3,1397,146,,146.0,1397,0
773,49,1,5,no,vutuvo,2,658,168,,168.0,658,0
774,4,2,17,no,vugipo,3,1067,264,,264.0,739,328
775,4,2,1,no,rugobare,6,1929,439,,439.0,1173,606
776,4,2,10,yes,criboto,5,1522,238,,238.0,1522,0
777,4,2,11,yes,mernido,1,694,694,694.0,,694,0
778,4,2,3,yes,mudegare,3,1458,181,,181.0,1458,0
779,4,2,13,no,dorguvo,5,1077,198,,198.0,601,476
780,4,2,18,yes,pobedo,4,1361,211,,211.0,455,906
781,4,2,5,yes,vutuvo,2,536,360,360.0,,360,176
782,4,2,7,yes,clivuno,7,1529,157,,157.0,712,477
783,4,2,2,no,zudulare,4,1295,522,,522.0,708,587
784,4,2,6,no,tobufa,5,904,171,,171.0,793,111
785,4,2,16,yes,ceveco,2,336,237,,237.0,336,0
786,4,2,4,no,ceburo,4,1161,108,,108.0,804,357
787,4,2,9,no,cettobo,3,859,258,,258.0,590,269
788,4,2,8,no,vicrazo,5,1247,228,,228.0,741,174
789,4,2,14,yes,slibado,3,1023,255,,255.0,1023,0
790,4,2,15,yes,cridolo,4,1402,204,,204.0,602,800
791,4,2,12,no,pubbano,3,1046,276,,276.0,1046,0
792,50,2,14,yes,slibado,12,4269,282,282.0,,282,325
793,50,2,17,no,vugipo,25,9427,237,,237.0,428,115
794,50,2,2,no,zudulare,7,2063,342,,342.0,956,716
795,50,2,3,yes,mudegare,5,1150,213,,213.0,587,563
796,50,2,13,no,dorguvo,8,1716,367,367.0,,367,422
797,50,2,1,no,rugobare,14,4244,110,,110.0,873,173
798,50,2,11,yes,mernido,8,2044,155,,155.0,1438,87
799,50,2,16,yes,ceveco,2,422,318,318.0,,318,104
800,50,2,5,yes,vutuvo,12,3153,230,,230.0,546,791
801,50,2,18,yes,pobedo,14,3898,240,,240.0,1248,978
802,50,2,15,yes,cridolo,8,1555,254,,254.0,363,280
803,50,2,7,yes,clivuno,3,566,157,157.0,,157,409
804,50,2,10,yes,criboto,2,397,290,,290.0,397,0
805,50,2,12,no,pubbano,4,699,216,,216.0,699,0
806,50,2,8,no,vicrazo,12,2791,125,,125.0,824,1032
807,50,2,9,no,cettobo,5,677,173,,173.0,548,129
808,50,2,4,no,ceburo,5,1352,255,,255.0,362,145
809,50,2,6,no,tobufa,6,2092,198,,198.0,525,865
810,51,1,2,yes,zudulare,8,2169,160,,160.0,2169,0
811,51,1,7,no,clivuno,9,2369,278,278.0,,278,1261
812,51,1,6,yes,tobufa,18,4587,278,278.0,,278,1983
813,51,1,9,yes,cettobo,8,1943,270,,270.0,1943,0
814,51,1,16,no,ceveco,6,2001,298,,298.0,1072,633
815,51,1,18,no,pobedo,11,2566,131,,131.0,1016,457
816,51,1,14,no,slibado,12,2989,170,,170.0,2598,391
817,51,1,12,yes,pubbano,8,1878,317,,317.0,693,190
818,51,1,10,no,criboto,7,1928,233,,233.0,1928,0
819,51,1,8,yes,vicrazo,6,1414,226,,226.0,313,1101
820,51,1,11,no,mernido,4,1409,479,,479.0,1100,309
821,51,1,3,no,mudegare,11,3089,231,,231.0,2654,435
822,51,1,15,no,cridolo,7,1634,219,,219.0,1401,233
823,51,1,4,yes,ceburo,4,1235,164,,164.0,1074,161
824,51,1,1,yes,rugobare,7,1980,272,,272.0,1980,0
825,51,1,13,yes,dorguvo,4,1360,191,,191.0,1360,0
826,51,1,5,no,vutuvo,20,5018,277,,277.0,1194,1112
827,51,1,17,yes,vugipo,3,1259,787,,787.0,1259,0
828,52,2,16,yes,ceveco,3,1821,303,,303.0,1821,0
829,52,2,8,no,vicrazo,4,2076,456,,456.0,1373,703
830,52,2,14,yes,slibado,3,1106,519,,519.0,851,255
831,52,2,4,no,ceburo,2,960,405,,405.0,960,0
832,52,2,11,yes,mernido,5,2304,791,,791.0,2304,0
833,52,2,18,yes,pobedo,25,9634,315,,315.0,1953,547
834,52,2,15,yes,cridolo,5,1704,382,,382.0,1520,184
835,52,2,3,yes,mudegare,9,2962,267,,267.0,2042,920
836,52,2,6,no,tobufa,3,729,273,,273.0,396,333
837,52,2,9,no,cettobo,5,2063,242,242.0,,242,851
838,52,2,5,yes,vutuvo,3,2007,359,,359.0,2007,0
839,52,2,12,no,pubbano,3,851,278,,278.0,684,167
840,52,2,10,yes,criboto,2,784,258,,258.0,784,0
841,52,2,1,no,rugobare,5,1713,728,,728.0,892,821
842,52,2,13,no,dorguvo,3,944,558,,558.0,792,152
843,52,2,17,no,vugipo,7,2973,364,,364.0,2973,0
844,52,2,7,yes,clivuno,4,2015,246,,246.0,2015,0
845,52,2,2,no,zudulare,5,1826,766,,766.0,1826,0
846,53,1,1,yes,rugobare,6,1369,392,,392.0,1369,0
847,53,1,8,yes,vicrazo,5,1358,216,,216.0,1100,258
848,53,1,6,yes,tobufa,2,724,232,,232.0,724,0
849,53,1,5,no,vutuvo,4,1160,158,,158.0,1160,0
850,53,1,2,yes,zudulare,11,3561,360,,360.0,3561,0
851,53,1,16,no,ceveco,6,2149,475,,475.0,2149,0
852,53,1,15,no,cridolo,4,1292,373,,373.0,572,720
853,53,1,7,no,clivuno,4,1478,387,,387.0,1478,0
854,53,1,12,yes,pubbano,4,874,275,,275.0,874,0
855,53,1,14,no,slibado,4,1369,220,,220.0,1369,0
856,53,1,11,no,mernido,4,1201,592,,592.0,1201,0
857,53,1,13,yes,dorguvo,3,975,514,,514.0,975,0
858,53,1,10,no,criboto,3,815,299,,299.0,684,131
859,53,1,9,yes,cettobo,2,644,442,,442.0,644,0
860,53,1,18,no,pobedo,4,1147,380,,380.0,1147,0
861,53,1,17,yes,vugipo,4,1067,423,,423.0,1067,0
862,53,1,3,no,mudegare,6,1819,360,,360.0,1298,521
863,53,1,4,yes,ceburo,2,833,216,,216.0,833,0
864,54,2,14,yes,slibado,6,2054,270,,270.0,2054,0
865,54,2,2,no,zudulare,9,2509,228,,228.0,793,475
866,54,2,3,yes,mudegare,4,1204,360,360.0,,360,406
867,54,2,5,yes,vutuvo,3,1013,262,262.0,,262,621
868,54,2,13,no,dorguvo,4,1650,323,,323.0,907,743
869,54,2,9,no,cettobo,2,417,195,195.0,,195,222
870,54,2,12,no,pubbano,7,3170,514,,514.0,3170,0
871,54,2,11,yes,mernido,4,973,374,,374.0,889,84
872,54,2,18,yes,pobedo,7,2231,315,,315.0,689,1042
873,54,2,8,no,vicrazo,2,444,162,,162.0,444,0
874,54,2,4,no,ceburo,3,675,188,,188.0,576,99
875,54,2,17,no,vugipo,2,692,442,442.0,,442,250
876,54,2,7,yes,clivuno,2,552,257,257.0,,257,295
877,54,2,15,yes,cridolo,1,331,331,331.0,,331,0
878,54,2,16,yes,ceveco,0,0,0,,,0,0
879,54,2,1,no,rugobare,2,623,242,242.0,,242,381
880,54,2,10,yes,criboto,0,0,0,,,0,0
881,54,2,6,no,tobufa,1,276,276,276.0,,276,0
882,55,1,11,no,mernido,5,1618,797,797.0,,797,659
883,55,1,5,no,vutuvo,10,2750,214,,214.0,1979,450
884,55,1,6,yes,tobufa,7,1723,224,224.0,,224,1499
885,55,1,15,no,cridolo,7,1631,326,,326.0,447,835
886,55,1,1,yes,rugobare,4,1256,229,229.0,,229,529
887,55,1,14,no,slibado,14,3558,197,,197.0,1268,2290
888,55,1,4,yes,ceburo,8,3054,776,,776.0,2062,992
889,55,1,16,no,ceveco,12,3327,288,,288.0,1527,899
890,55,1,17,yes,vugipo,11,2342,156,,156.0,1043,1299
891,55,1,9,yes,cettobo,9,1816,159,,159.0,651,161
892,55,1,7,no,clivuno,9,2016,180,180.0,,180,1003
893,55,1,8,yes,vicrazo,7,1874,474,,474.0,656,363
894,55,1,12,yes,pubbano,11,2898,306,,306.0,787,263
895,55,1,13,yes,dorguvo,6,1341,250,,250.0,879,462
896,55,1,3,no,mudegare,7,1743,189,,189.0,1743,0
897,55,1,2,yes,zudulare,8,1554,196,,196.0,816,738
898,55,1,10,no,criboto,7,1425,298,,298.0,818,425
899,55,1,18,no,pobedo,5,1971,347,,347.0,1971,0
900,56,2,1,no,rugobare,3,1324,548,548.0,,548,408
901,56,2,4,no,ceburo,3,1759,410,,410.0,896,863
902,56,2,5,yes,vutuvo,7,2179,385,,385.0,1188,991
903,56,2,16,yes,ceveco,2,862,203,,203.0,862,0
904,56,2,17,no,vugipo,6,3000,502,502.0,,502,2498
905,56,2,8,no,vicrazo,4,1210,292,,292.0,941,269
906,56,2,11,yes,mernido,4,2514,338,,338.0,2514,0
907,56,2,14,yes,slibado,3,1536,435,,435.0,873,663
908,56,2,15,yes,cridolo,2,1475,653,,653.0,1475,0
909,56,2,7,yes,clivuno,2,689,242,242.0,,242,447
910,56,2,2,no,zudulare,10,4407,590,,590.0,3161,810
911,56,2,9,no,cettobo,6,2137,261,,261.0,1074,1063
912,56,2,6,no,tobufa,1,437,437,437.0,,437,0
913,56,2,18,yes,pobedo,8,2791,449,449.0,,449,744
914,56,2,13,no,dorguvo,7,2613,414,,414.0,1634,979
915,56,2,12,no,pubbano,4,1165,218,,218.0,637,528
916,56,2,10,yes,criboto,3,1826,683,,683.0,1826,0
917,56,2,3,yes,mudegare,3,1903,489,,489.0,1009,894
918,57,1,8,yes,vicrazo,2,385,215,215.0,,215,170
919,57,1,2,yes,zudulare,6,1845,251,,251.0,737,1108
920,57,1,13,yes,dorguvo,6,2237,543,,543.0,2237,0
921,57,1,10,no,criboto,5,1335,291,291.0,,291,832
922,57,1,6,yes,tobufa,3,944,359,,359.0,521,423
923,57,1,16,no,ceveco,3,940,280,,280.0,703,237
924,57,1,7,no,clivuno,8,2308,364,364.0,,364,152
925,57,1,15,no,cridolo,12,3356,171,171.0,,171,804
926,57,1,12,yes,pubbano,3,802,312,312.0,,312,343
927,57,1,4,yes,ceburo,3,933,276,,276.0,933,0
928,57,1,17,yes,vugipo,3,1000,239,,239.0,694,306
929,57,1,14,no,slibado,2,502,261,261.0,,261,241
930,57,1,3,no,mudegare,17,5715,240,240.0,,240,330
931,57,1,18,no,pobedo,12,4449,391,391.0,,391,811
932,57,1,1,yes,rugobare,2,716,549,,549.0,716,0
933,57,1,9,yes,cettobo,4,884,215,,215.0,793,91
934,57,1,5,no,vutuvo,8,2659,367,,367.0,700,198
935,57,1,11,no,mernido,6,1889,361,,361.0,667,437
936,58,2,14,yes,slibado,12,3436,275,,275.0,798,1043
937,58,2,13,no,dorguvo,9,3110,700,,700.0,2446,664
938,58,2,5,yes,vutuvo,21,5841,183,,183.0,2811,337
939,58,2,18,yes,pobedo,12,4062,171,,171.0,1019,388
940,58,2,1,no,rugobare,15,4400,449,,449.0,1039,1383
941,58,2,10,yes,criboto,11,3119,191,,191.0,3119,0
942,58,2,2,no,zudulare,23,6366,340,,340.0,2127,2210
943,58,2,15,yes,cridolo,6,2236,649,,649.0,2236,0
944,58,2,11,yes,mernido,11,3489,202,,202.0,3489,0
945,58,2,16,yes,ceveco,7,1898,184,,184.0,692,1206
946,58,2,9,no,cettobo,11,3272,277,,277.0,2070,874
947,58,2,12,no,pubbano,16,4246,187,,187.0,1018,850
948,58,2,4,no,ceburo,22,5585,146,,146.0,3434,430
949,58,2,3,yes,mudegare,12,2890,180,,180.0,2318,572
950,58,2,7,yes,clivuno,21,6570,266,,266.0,695,3084
951,58,2,6,no,tobufa,10,2599,270,,270.0,1228,527
952,58,2,17,no,vugipo,10,3282,187,,187.0,2617,485
953,58,2,8,no,vicrazo,6,1764,204,,204.0,539,1225
954,59,1,12,yes,pubbano,4,2121,447,,447.0,1227,894
955,59,1,15,no,cridolo,1,1116,1116,1116.0,,1116,0
956,59,1,9,yes,cettobo,3,3123,1208,1208.0,,1208,1663
957,59,1,18,no,pobedo,3,1799,419,,419.0,1341,458
958,59,1,16,no,ceveco,3,1587,597,,597.0,1587,0
959,59,1,6,yes,tobufa,2,1424,727,727.0,,727,697
960,59,1,4,yes,ceburo,2,965,202,,202.0,965,0
961,59,1,10,no,criboto,2,487,186,186.0,,186,301
962,59,1,13,yes,dorguvo,2,870,536,,536.0,870,0
963,59,1,8,yes,vicrazo,2,421,237,237.0,,237,184
964,59,1,2,yes,zudulare,2,1090,352,,352.0,1090,0
965,59,1,17,yes,vugipo,0,0,0,,,0,0
966,59,1,1,yes,rugobare,4,1526,152,152.0,,152,366
967,59,1,3,no,mudegare,2,714,371,,371.0,714,0
968,59,1,5,no,vutuvo,6,2190,253,,253.0,709,412
969,59,1,14,no,slibado,6,1450,209,,209.0,1450,0
970,59,1,7,no,clivuno,1,195,195,195.0,,195,0
971,59,1,11,no,mernido,3,1445,387,,387.0,1445,0
972,5,1,13,yes,dorguvo,5,1378,350,,350.0,1246,132
973,5,1,14,no,slibado,6,1882,451,,451.0,954,928
974,5,1,12,yes,pubbano,4,1183,296,,296.0,536,481
975,5,1,11,no,mernido,3,611,172,,172.0,611,0
976,5,1,9,yes,cettobo,3,1398,225,,225.0,834,564
977,5,1,18,no,pobedo,8,2057,510,,510.0,867,446
978,5,1,7,no,clivuno,5,1512,450,,450.0,792,720
979,5,1,6,yes,tobufa,3,956,295,295.0,,295,661
980,5,1,10,no,criboto,5,939,199,,199.0,576,363
981,5,1,2,yes,zudulare,4,811,231,,231.0,811,0
982,5,1,3,no,mudegare,6,1313,232,232.0,,232,688
983,5,1,5,no,vutuvo,5,1576,292,,292.0,826,750
984,5,1,15,no,cridolo,3,860,482,,482.0,571,289
985,5,1,16,no,ceveco,3,948,386,,386.0,681,267
986,5,1,4,yes,ceburo,3,822,314,,314.0,551,271
987,5,1,1,yes,rugobare,7,1757,148,,148.0,434,226
988,5,1,8,yes,vicrazo,2,476,278,,278.0,476,0
989,5,1,17,yes,vugipo,4,1006,164,164.0,,164,217
990,60,2,18,yes,pobedo,7,2345,385,385.0,,385,1606
991,60,2,10,yes,criboto,1,436,436,436.0,,436,0
992,60,2,17,no,vugipo,5,1531,448,448.0,,448,526
993,60,2,11,yes,mernido,3,1112,413,413.0,,413,350
994,60,2,4,no,ceburo,6,2018,400,400.0,,400,155
995,60,2,12,no,pubbano,6,2172,340,340.0,,340,1832
996,60,2,16,yes,ceveco,2,676,430,430.0,,430,246
997,60,2,2,no,zudulare,11,2410,161,,161.0,402,364
998,60,2,6,no,tobufa,2,1003,309,309.0,,309,694
999,60,2,3,yes,mudegare,3,729,321,321.0,,321,408
1000,60,2,13,no,dorguvo,3,1181,403,403.0,,403,778
1001,60,2,7,yes,clivuno,1,378,378,378.0,,378,0
1002,60,2,14,yes,slibado,3,1215,481,481.0,,481,234
1003,60,2,1,no,rugobare,5,1470,105,,105.0,872,598
1004,60,2,15,yes,cridolo,3,845,270,270.0,,270,175
1005,60,2,8,no,vicrazo,4,1355,423,423.0,,423,435
1006,60,2,5,yes,vutuvo,2,894,185,185.0,,185,709
1007,60,2,9,no,cettobo,2,775,577,,577.0,775,0
1008,61,1,16,no,ceveco,6,1620,272,,272.0,713,907
1009,61,1,5,no,vutuvo,6,2726,289,,289.0,2726,0
1010,61,1,13,yes,dorguvo,10,3457,367,,367.0,3457,0
1011,61,1,4,yes,ceburo,9,3813,300,300.0,,300,1809
1012,61,1,6,yes,tobufa,2,1102,535,535.0,,535,567
1013,61,1,7,no,clivuno,8,3091,446,,446.0,633,1592
1014,61,1,9,yes,cettobo,4,2281,488,,488.0,2281,0
1015,61,1,2,yes,zudulare,5,2425,364,,364.0,2425,0
1016,61,1,14,no,slibado,5,1355,382,,382.0,608,747
1017,61,1,18,no,pobedo,3,1248,260,,260.0,1248,0
1018,61,1,8,yes,vicrazo,2,582,301,301.0,,301,281
1019,61,1,17,yes,vugipo,5,2085,500,500.0,,500,1585
1020,61,1,12,yes,pubbano,5,2026,361,,361.0,680,1346
1021,61,1,11,no,mernido,4,2067,309,,309.0,824,1243
1022,61,1,10,no,criboto,3,1028,388,388.0,,388,640
1023,61,1,3,no,mudegare,10,3660,265,,265.0,1828,1832
1024,61,1,1,yes,rugobare,3,793,312,,312.0,793,0
1025,61,1,15,no,cridolo,4,1415,573,573.0,,573,442
1026,62,2,1,no,rugobare,2,858,432,,432.0,858,0
1027,62,2,7,yes,clivuno,1,331,331,331.0,,331,0
1028,62,2,2,no,zudulare,1,788,788,788.0,,788,0
1029,62,2,9,no,cettobo,2,466,177,177.0,,177,289
1030,62,2,5,yes,vutuvo,3,972,396,,396.0,546,426
1031,62,2,10,yes,criboto,2,658,140,,140.0,658,0
1032,62,2,6,no,tobufa,0,0,0,,,0,0
1033,62,2,14,yes,slibado,1,141,141,141.0,,141,0
1034,62,2,18,yes,pobedo,1,110,110,110.0,,110,0
1035,62,2,16,yes,ceveco,2,717,489,,489.0,717,0
1036,62,2,3,yes,mudegare,2,952,650,650.0,,650,302
1037,62,2,8,no,vicrazo,2,639,202,,202.0,639,0
1038,62,2,17,no,vugipo,4,1444,326,,326.0,767,677
1039,62,2,4,no,ceburo,1,248,248,248.0,,248,0
1040,62,2,12,no,pubbano,1,105,105,105.0,,105,0
1041,62,2,11,yes,mernido,3,652,342,342.0,,342,310
1042,62,2,15,yes,cridolo,0,0,0,,,0,0
1043,62,2,13,no,dorguvo,2,693,372,,372.0,693,0
1044,63,1,16,no,ceveco,4,1922,507,,507.0,1301,621
1045,63,1,10,no,criboto,5,2146,250,,250.0,1610,536
1046,63,1,11,no,mernido,6,2201,169,,169.0,339,346
1047,63,1,12,yes,pubbano,5,1569,242,242.0,,242,442
1048,63,1,7,no,clivuno,4,1718,325,325.0,,325,1393
1049,63,1,15,no,cridolo,5,1559,237,,237.0,406,1003
1050,63,1,18,no,pobedo,5,2409,634,,634.0,1668,475
1051,63,1,13,yes,dorguvo,4,2535,154,,154.0,1232,1303
1052,63,1,8,yes,vicrazo,4,1383,157,,157.0,641,742
1053,63,1,9,yes,cettobo,4,1357,463,463.0,,463,894
1054,63,1,1,yes,rugobare,10,4517,242,242.0,,242,2779
1055,63,1,17,yes,vugipo,2,1258,264,264.0,,264,994
1056,63,1,5,no,vutuvo,6,1701,135,,135.0,514,547
1057,63,1,2,yes,zudulare,3,973,280,,280.0,886,87
1058,63,1,3,no,mudegare,4,1432,282,282.0,,282,843
1059,63,1,4,yes,ceburo,6,2189,370,370.0,,370,708
1060,63,1,14,no,slibado,3,1000,251,,251.0,1000,0
1061,63,1,6,yes,tobufa,3,1005,196,,196.0,798,207
1062,64,2,3,yes,mudegare,12,4365,263,,263.0,1752,382
1063,64,2,16,yes,ceveco,6,2116,389,,389.0,2116,0
1064,64,2,18,yes,pobedo,5,1617,319,,319.0,466,1151
1065,64,2,9,no,cettobo,3,1150,417,417.0,,417,477
1066,64,2,14,yes,slibado,11,2886,534,,534.0,1000,356
1067,64,2,5,yes,vutuvo,3,903,175,,175.0,903,0
1068,64,2,6,no,tobufa,4,1298,422,422.0,,422,876
1069,64,2,11,yes,mernido,2,497,343,,343.0,497,0
1070,64,2,10,yes,criboto,3,964,348,,348.0,964,0
1071,64,2,8,no,vicrazo,3,874,331,,331.0,468,406
1072,64,2,2,no,zudulare,6,1477,391,,391.0,685,792
1073,64,2,1,no,rugobare,8,2210,187,187.0,,187,932
1074,64,2,12,no,pubbano,3,983,376,,376.0,590,393
1075,64,2,15,yes,cridolo,3,563,311,,311.0,563,0
1076,64,2,4,no,ceburo,5,1556,188,188.0,,188,416
1077,64,2,7,yes,clivuno,9,2664,221,,221.0,714,1081
1078,64,2,13,no,dorguvo,3,581,237,,237.0,581,0
1079,64,2,17,no,vugipo,3,1161,277,,277.0,1161,0
1080,65,1,8,yes,vicrazo,8,1600,199,,199.0,744,856
1081,65,1,6,yes,tobufa,3,1166,348,,348.0,669,497
1082,65,1,14,no,slibado,9,2497,285,,285.0,806,1691
1083,65,1,13,yes,dorguvo,6,1578,253,,253.0,925,373
1084,65,1,17,yes,vugipo,7,1922,486,,486.0,656,741
1085,65,1,10,no,criboto,8,2460,553,,553.0,1026,436
1086,65,1,5,no,vutuvo,4,1158,216,,216.0,953,205
1087,65,1,3,no,mudegare,8,2190,325,,325.0,1460,730
1088,65,1,18,no,pobedo,8,2283,378,,378.0,929,1114
1089,65,1,11,no,mernido,5,1030,206,,206.0,389,641
1090,65,1,12,yes,pubbano,3,608,217,,217.0,452,156
1091,65,1,1,yes,rugobare,4,1045,227,227.0,,227,554
1092,65,1,2,yes,zudulare,6,1374,264,,264.0,939,244
1093,65,1,16,no,ceveco,5,1118,214,,214.0,656,462
1094,65,1,15,no,cridolo,3,601,282,,282.0,601,0
1095,65,1,9,yes,cettobo,6,1789,387,,387.0,530,628
1096,65,1,4,yes,ceburo,3,621,193,193.0,,193,326
1097,65,1,7,no,clivuno,6,1326,278,,278.0,445,881
1098,66,2,9,no,cettobo,5,2909,516,516.0,,516,163
1099,66,2,8,no,vicrazo,11,5451,253,253.0,,253,1591
1100,66,2,5,yes,vutuvo,3,1872,274,,274.0,1872,0
1101,66,2,12,no,pubbano,7,2950,241,241.0,,241,2709
1102,66,2,4,no,ceburo,4,1236,246,246.0,,246,640
1103,66,2,16,yes,ceveco,5,1727,238,,238.0,1727,0
1104,66,2,6,no,tobufa,2,791,361,,361.0,791,0
1105,66,2,18,yes,pobedo,5,2186,398,398.0,,398,819
1106,66,2,10,yes,criboto,4,832,165,,165.0,579,253
1107,66,2,17,no,vugipo,4,1081,220,,220.0,1081,0
1108,66,2,3,yes,mudegare,9,2757,329,,329.0,2757,0
1109,66,2,15,yes,cridolo,4,902,138,,138.0,325,577
1110,66,2,7,yes,clivuno,7,2201,410,410.0,,410,961
1111,66,2,13,no,dorguvo,15,3769,558,,558.0,2452,135
1112,66,2,11,yes,mernido,7,1551,239,,239.0,970,581
1113,66,2,2,no,zudulare,3,1370,810,,810.0,1370,0
1114,66,2,14,yes,slibado,5,1102,239,239.0,,239,207
1115,66,2,1,no,rugobare,5,1377,154,154.0,,154,520
1116,67,1,14,no,slibado,15,5490,379,,379.0,3479,1093
1117,67,1,16,no,ceveco,21,8126,262,,262.0,1716,324
1118,67,1,1,yes,rugobare,5,2757,357,357.0,,357,1254
1119,67,1,15,no,cridolo,5,4292,556,556.0,,556,3018
1120,67,1,3,no,mudegare,25,10836,271,,271.0,2323,1027
1121,67,1,8,yes,vicrazo,7,4350,536,,536.0,790,3560
1122,67,1,12,yes,pubbano,5,2276,237,,237.0,2082,194
1123,67,1,13,yes,dorguvo,5,1593,153,,153.0,655,938
1124,67,1,6,yes,tobufa,4,2531,409,,409.0,1087,1444
1125,67,1,4,yes,ceburo,3,1625,1191,1191.0,,1191,434
1126,67,1,18,no,pobedo,2,670,353,353.0,,353,317
1127,67,1,11,no,mernido,3,1416,144,,144.0,1156,260
1128,67,1,5,no,vutuvo,6,2822,275,,275.0,1714,531
1129,67,1,10,no,criboto,4,1696,351,,351.0,496,511
1130,67,1,9,yes,cettobo,3,1409,884,,884.0,1409,0
1131,67,1,7,no,clivuno,8,4279,727,727.0,,727,1420
1132,67,1,17,yes,vugipo,4,1883,529,,529.0,1091,792
1133,67,1,2,yes,zudulare,7,3318,193,,193.0,775,797
1134,68,2,7,yes,clivuno,8,2724,317,317.0,,317,204
1135,68,2,17,no,vugipo,4,2045,662,662.0,,662,778
1136,68,2,13,no,dorguvo,3,984,277,,277.0,984,0
1137,68,2,6,no,tobufa,5,2663,386,,386.0,2663,0
1138,68,2,10,yes,criboto,18,7965,176,,176.0,3064,563
1139,68,2,8,no,vicrazo,9,2863,258,,258.0,366,2497
1140,68,2,4,no,ceburo,3,864,571,571.0,,571,293
1141,68,2,9,no,cettobo,6,1948,702,702.0,,702,756
1142,68,2,16,yes,ceveco,4,2143,215,,215.0,1640,503
1143,68,2,18,yes,pobedo,3,1481,527,527.0,,527,954
1144,68,2,5,yes,vutuvo,3,1044,180,,180.0,714,330
1145,68,2,3,yes,mudegare,5,1659,212,,212.0,1659,0
1146,68,2,15,yes,cridolo,2,713,170,170.0,,170,543
1147,68,2,14,yes,slibado,7,2361,286,,286.0,555,1585
1148,68,2,1,no,rugobare,9,2587,193,,193.0,670,727
1149,68,2,12,no,pubbano,6,2008,196,,196.0,602,381
1150,68,2,2,no,zudulare,16,7218,330,330.0,,330,216
1151,68,2,11,yes,mernido,3,1064,502,,502.0,786,278
1152,69,1,4,yes,ceburo,6,1511,106,106.0,,106,140
1153,69,1,10,no,criboto,12,3426,128,,128.0,409,3017
1154,69,1,18,no,pobedo,6,1790,206,,206.0,385,986
1155,69,1,15,no,cridolo,8,1320,333,333.0,,333,862
1156,69,1,1,yes,rugobare,3,644,305,,305.0,524,120
1157,69,1,14,no,slibado,5,1094,97,,97.0,1094,0
1158,69,1,17,yes,vugipo,2,485,300,300.0,,300,185
1159,69,1,8,yes,vicrazo,6,1540,214,,214.0,408,812
1160,69,1,5,no,vutuvo,9,2619,187,,187.0,1270,485
1161,69,1,12,yes,pubbano,3,606,156,,156.0,606,0
1162,69,1,3,no,mudegare,8,2168,339,,339.0,1920,248
1163,69,1,2,yes,zudulare,5,1176,305,,305.0,594,582
1164,69,1,13,yes,dorguvo,5,1260,181,,181.0,1260,0
1165,69,1,7,no,clivuno,5,777,208,,208.0,681,96
1166,69,1,6,yes,tobufa,7,1438,206,206.0,,206,431
1167,69,1,16,no,ceveco,5,1218,161,,161.0,1218,0
1168,69,1,11,no,mernido,3,501,223,,223.0,501,0
1169,69,1,9,yes,cettobo,3,661,256,,256.0,467,194
1170,6,2,5,yes,vutuvo,4,1159,145,,145.0,1008,151
1171,6,2,3,yes,mudegare,2,522,398,398.0,,398,124
1172,6,2,16,yes,ceveco,5,1136,186,,186.0,553,139
1173,6,2,10,yes,criboto,5,1758,175,,175.0,1111,647
1174,6,2,14,yes,slibado,4,1140,292,,292.0,881,259
1175,6,2,8,no,vicrazo,3,820,248,,248.0,560,260
1176,6,2,2,no,zudulare,4,1800,244,,244.0,1800,0
1177,6,2,11,yes,mernido,4,1417,676,676.0,,676,366
1178,6,2,15,yes,cridolo,5,1189,212,212.0,,212,309
1179,6,2,1,no,rugobare,5,2036,172,,172.0,1016,1020
1180,6,2,4,no,ceburo,14,3623,165,,165.0,882,1198
1181,6,2,13,no,dorguvo,2,931,372,,372.0,931,0
1182,6,2,18,yes,pobedo,4,1413,225,,225.0,1413,0
1183,6,2,17,no,vugipo,11,3921,365,,365.0,1820,1897
1184,6,2,7,yes,clivuno,4,1158,336,,336.0,1158,0
1185,6,2,6,no,tobufa,4,2344,780,,780.0,1930,414
1186,6,2,12,no,pubbano,3,884,143,,143.0,761,123
1187,6,2,9,no,cettobo,8,4229,596,,596.0,1682,2547
1188,70,2,17,no,vugipo,7,1455,199,199.0,,199,844
1189,70,2,14,yes,slibado,18,5402,228,,228.0,1300,697
1190,70,2,10,yes,criboto,2,641,319,,319.0,641,0
1191,70,2,2,no,zudulare,16,4460,408,,408.0,1672,686
1192,70,2,9,no,cettobo,12,3407,471,,471.0,1019,1227
1193,70,2,5,yes,vutuvo,6,1964,297,,297.0,1188,776
1194,70,2,13,no,dorguvo,24,6943,470,,470.0,6620,323
1195,70,2,16,yes,ceveco,2,582,343,343.0,,343,239
1196,70,2,8,no,vicrazo,2,991,735,,735.0,991,0
1197,70,2,3,yes,mudegare,5,1517,283,,283.0,1517,0
1198,70,2,7,yes,clivuno,4,1162,278,,278.0,1162,0
1199,70,2,1,no,rugobare,6,1524,130,,130.0,943,581
1200,70,2,18,yes,pobedo,6,1349,271,,271.0,827,522
1201,70,2,15,yes,cridolo,5,1269,449,,449.0,564,503
1202,70,2,6,no,tobufa,12,3219,142,,142.0,1316,349
1203,70,2,4,no,ceburo,9,3229,526,,526.0,2368,485
1204,70,2,12,no,pubbano,6,1664,313,,313.0,1664,0
1205,70,2,11,yes,mernido,12,4286,397,,397.0,1935,831
1206,71,1,14,no,slibado,5,2200,805,,805.0,2200,0
1207,71,1,11,no,mernido,6,2120,352,,352.0,2120,0
1208,71,1,6,yes,tobufa,6,2434,267,,267.0,2434,0
1209,71,1,8,yes,vicrazo,6,2145,255,,255.0,607,526
1210,71,1,1,yes,rugobare,9,3027,382,,382.0,2049,978
1211,71,1,13,yes,dorguvo,11,3020,175,,175.0,2506,514
1212,71,1,15,no,cridolo,9,2558,342,,342.0,1668,890
1213,71,1,17,yes,vugipo,5,1711,810,,810.0,1711,0
1214,71,1,4,yes,ceburo,6,2071,367,,367.0,1003,1068
1215,71,1,10,no,criboto,7,2076,273,,273.0,2076,0
1216,71,1,18,no,pobedo,5,1511,277,,277.0,1511,0
1217,71,1,9,yes,cettobo,8,2524,297,,297.0,2524,0
1218,71,1,16,no,ceveco,6,2129,524,,524.0,2129,0
1219,71,1,2,yes,zudulare,4,1249,303,,303.0,1249,0
1220,71,1,3,no,mudegare,7,2210,276,,276.0,2210,0
1221,71,1,12,yes,pubbano,5,1186,296,,296.0,520,666
1222,71,1,5,no,vutuvo,3,1396,513,,513.0,1396,0
1223,71,1,7,no,clivuno,6,1775,252,,252.0,1775,0
1224,72,2,11,yes,mernido,4,1324,272,,272.0,1324,0
1225,72,2,3,yes,mudegare,10,4430,378,,378.0,984,2653
1226,72,2,5,yes,vutuvo,4,1738,186,,186.0,1738,0
1227,72,2,17,no,vugipo,6,2255,183,,183.0,1882,373
1228,72,2,2,no,zudulare,3,1146,633,,633.0,894,252
1229,72,2,7,yes,clivuno,2,1431,802,802.0,,802,629
1230,72,2,4,no,ceburo,21,9690,317,,317.0,609,807
1231,72,2,12,no,pubbano,6,1663,127,,127.0,659,921
1232,72,2,9,no,cettobo,4,1696,775,,775.0,1256,440
1233,72,2,10,yes,criboto,7,3954,372,,372.0,3954,0
1234,72,2,13,no,dorguvo,6,2386,284,,284.0,2386,0
1235,72,2,18,yes,pobedo,3,1629,1155,,1155.0,1400,229
1236,72,2,14,yes,slibado,8,2324,293,,293.0,615,239
1237,72,2,1,no,rugobare,4,1157,319,,319.0,508,649
1238,72,2,15,yes,cridolo,4,1100,220,,220.0,537,563
1239,72,2,16,yes,ceveco,4,1744,174,,174.0,1658,86
1240,72,2,6,no,tobufa,3,1049,296,,296.0,1049,0
1241,72,2,8,no,vicrazo,7,2029,237,237.0,,237,617
1242,73,1,11,no,mernido,7,1766,195,,195.0,486,379
1243,73,1,12,yes,pubbano,7,1653,189,,189.0,993,500
1244,73,1,15,no,cridolo,2,578,186,,186.0,578,0
1245,73,1,3,no,mudegare,3,1742,302,,302.0,836,906
1246,73,1,8,yes,vicrazo,8,2869,213,,213.0,488,986
1247,73,1,7,no,clivuno,5,1538,431,431.0,,431,241
1248,73,1,9,yes,cettobo,0,0,0,,,0,0
1249,73,1,10,no,criboto,7,2291,311,,311.0,403,298
1250,73,1,6,yes,tobufa,1,168,168,168.0,,168,0
1251,73,1,13,yes,dorguvo,2,798,442,442.0,,442,356
1252,73,1,16,no,ceveco,4,949,257,,257.0,648,301
1253,73,1,5,no,vutuvo,2,609,313,313.0,,313,296
1254,73,1,14,no,slibado,3,561,195,,195.0,469,92
1255,73,1,17,yes,vugipo,2,550,160,,160.0,550,0
1256,73,1,4,yes,ceburo,3,998,402,402.0,,402,348
1257,73,1,18,no,pobedo,7,1186,148,,148.0,672,169
1258,73,1,2,yes,zudulare,2,383,287,287.0,,287,96
1259,73,1,1,yes,rugobare,3,893,225,,225.0,893,0
1260,74,2,7,yes,clivuno,1,224,224,224.0,,224,0
1261,74,2,16,yes,ceveco,7,3426,257,257.0,,257,3007
1262,74,2,14,yes,slibado,5,1830,488,,488.0,1284,546
1263,74,2,18,yes,pobedo,12,5453,264,264.0,,264,3330
1264,74,2,8,no,vicrazo,10,4542,199,199.0,,199,4343
1265,74,2,4,no,ceburo,4,1363,229,229.0,,229,533
1266,74,2,3,yes,mudegare,13,5814,376,,376.0,5568,246
1267,74,2,17,no,vugipo,6,2397,313,,313.0,2012,385
1268,74,2,1,no,rugobare,5,1910,318,,318.0,1910,0
1269,74,2,10,yes,criboto,3,1374,380,,380.0,1374,0
1270,74,2,2,no,zudulare,9,2873,293,,293.0,901,568
1271,74,2,5,yes,vutuvo,6,2929,206,206.0,,206,2723
1272,74,2,9,no,cettobo,2,1211,450,,450.0,1211,0
1273,74,2,15,yes,cridolo,11,6038,400,,400.0,6038,0
1274,74,2,6,no,tobufa,3,1255,245,,245.0,936,319
1275,74,2,13,no,dorguvo,2,1262,191,191.0,,191,1071
1276,74,2,12,no,pubbano,3,870,284,284.0,,284,446
1277,74,2,11,yes,mernido,5,3007,255,,255.0,3007,0
1278,75,1,13,yes,dorguvo,12,4862,128,,128.0,867,787
1279,75,1,12,yes,pubbano,3,838,327,327.0,,327,336
1280,75,1,2,yes,zudulare,6,1441,285,,285.0,1166,275
1281,75,1,16,no,ceveco,4,1429,281,281.0,,281,560
1282,75,1,3,no,mudegare,8,2721,181,,181.0,2137,584
1283,75,1,1,yes,rugobare,5,2737,644,,644.0,2737,0
1284,75,1,8,yes,vicrazo,2,433,314,314.0,,314,119
1285,75,1,9,yes,cettobo,7,2307,154,,154.0,2307,0
1286,75,1,10,no,criboto,3,1123,303,303.0,,303,820
1287,75,1,15,no,cridolo,4,1384,414,,414.0,933,451
1288,75,1,5,no,vutuvo,5,2001,251,,251.0,1119,247
1289,75,1,11,no,mernido,7,2379,342,,342.0,916,625
1290,75,1,7,no,clivuno,7,1969,218,218.0,,218,1751
1291,75,1,14,no,slibado,3,636,189,,189.0,376,260
1292,75,1,17,yes,vugipo,5,2314,336,,336.0,2088,226
1293,75,1,6,yes,tobufa,5,1891,215,,215.0,986,905
1294,75,1,18,no,pobedo,4,1620,121,,121.0,1620,0
1295,75,1,4,yes,ceburo,2,612,155,,155.0,612,0
1296,76,2,15,yes,cridolo,6,1704,348,,348.0,661,304
1297,76,2,10,yes,criboto,5,1099,198,,198.0,532,154
1298,76,2,6,no,tobufa,9,2281,246,,246.0,748,439
1299,76,2,12,no,pubbano,3,767,287,287.0,,287,263
1300,76,2,3,yes,mudegare,5,1579,183,,183.0,1152,427
1301,76,2,1,no,rugobare,10,2511,330,,330.0,609,174
1302,76,2,9,no,cettobo,6,1326,212,,212.0,597,200
1303,76,2,4,no,ceburo,6,1932,803,803.0,,803,668
1304,76,2,8,no,vicrazo,5,1036,191,,191.0,589,447
1305,76,2,5,yes,vutuvo,3,658,237,,237.0,658,0
1306,76,2,11,yes,mernido,3,1027,257,,257.0,503,524
1307,76,2,14,yes,slibado,2,356,218,,218.0,356,0
1308,76,2,16,yes,ceveco,5,1368,219,,219.0,501,265
1309,76,2,13,no,dorguvo,3,1434,700,,700.0,1020,414
1310,76,2,17,no,vugipo,9,2579,241,,241.0,1007,1572
1311,76,2,7,yes,clivuno,4,1053,336,336.0,,336,717
1312,76,2,2,no,zudulare,3,685,200,,200.0,396,289
1313,76,2,18,yes,pobedo,3,723,186,,186.0,432,291
1314,77,1,2,yes,zudulare,4,897,331,,331.0,693,204
1315,77,1,13,yes,dorguvo,1,377,377,377.0,,377,0
1316,77,1,9,yes,cettobo,1,476,476,476.0,,476,0
1317,77,1,3,no,mudegare,2,394,287,287.0,,287,107
1318,77,1,12,yes,pubbano,3,723,159,159.0,,159,564
1319,77,1,7,no,clivuno,3,596,162,,162.0,596,0
1320,77,1,1,yes,rugobare,3,573,225,,225.0,454,119
1321,77,1,10,no,criboto,4,1205,300,,300.0,649,556
1322,77,1,5,no,vutuvo,2,959,608,608.0,,608,351
1323,77,1,18,no,pobedo,2,456,196,196.0,,196,260
1324,77,1,14,no,slibado,3,745,203,203.0,,203,542
1325,77,1,16,no,ceveco,5,1190,206,206.0,,206,339
1326,77,1,4,yes,ceburo,1,487,487,487.0,,487,0
1327,77,1,6,yes,tobufa,1,361,361,361.0,,361,0
1328,77,1,11,no,mernido,3,883,232,,232.0,482,401
1329,77,1,17,yes,vugipo,4,970,233,,233.0,638,332
1330,77,1,8,yes,vicrazo,2,808,628,628.0,,628,180
1331,77,1,15,no,cridolo,4,874,174,,174.0,402,472
1332,78,2,1,no,rugobare,11,3253,314,,314.0,3253,0
1333,78,2,7,yes,clivuno,3,1122,397,397.0,,397,725
1334,78,2,3,yes,mudegare,7,1894,310,,310.0,1894,0
1335,78,2,4,no,ceburo,9,1889,154,,154.0,1889,0
1336,78,2,17,no,vugipo,6,1685,198,,198.0,1173,512
1337,78,2,14,yes,slibado,3,898,282,282.0,,282,303
1338,78,2,5,yes,vutuvo,6,2834,566,,566.0,2834,0
1339,78,2,15,yes,cridolo,7,1959,478,,478.0,1959,0
1340,78,2,16,yes,ceveco,7,2178,282,,282.0,2011,167
1341,78,2,13,no,dorguvo,9,2591,393,,393.0,2591,0
1342,78,2,6,no,tobufa,4,1321,621,,621.0,917,404
1343,78,2,12,no,pubbano,7,1867,222,,222.0,1587,280
1344,78,2,18,yes,pobedo,8,2510,196,,196.0,778,1732
1345,78,2,2,no,zudulare,8,1992,299,,299.0,1992,0
1346,78,2,10,yes,criboto,7,1820,188,,188.0,1820,0
1347,78,2,8,no,vicrazo,4,1075,207,,207.0,1075,0
1348,78,2,9,no,cettobo,10,2062,202,,202.0,860,150
1349,78,2,11,yes,mernido,12,4565,570,,570.0,3472,1093
1350,79,1,13,yes,dorguvo,11,6283,218,218.0,,218,2884
1351,79,1,3,no,mudegare,10,3463,447,,447.0,1682,920
1352,79,1,16,no,ceveco,9,4613,377,,377.0,1480,2538
1353,79,1,17,yes,vugipo,3,1826,265,,265.0,1826,0
1354,79,1,9,yes,cettobo,3,2392,695,,695.0,1233,1159
1355,79,1,7,no,clivuno,2,530,434,434.0,,434,96
1356,79,1,1,yes,rugobare,7,2327,204,204.0,,204,2123
1357,79,1,11,no,mernido,7,2365,217,217.0,,217,2148
1358,79,1,2,yes,zudulare,6,2555,255,,255.0,2555,0
1359,79,1,6,yes,tobufa,9,2853,250,,250.0,992,1061
1360,79,1,5,no,vutuvo,7,2676,341,,341.0,2037,297
1361,79,1,4,yes,ceburo,5,3002,213,213.0,,213,2789
1362,79,1,8,yes,vicrazo,4,2231,656,656.0,,656,354
1363,79,1,15,no,cridolo,9,4079,248,248.0,,248,3831
1364,79,1,12,yes,pubbano,2,1026,496,,496.0,1026,0
1365,79,1,10,no,criboto,4,1490,166,,166.0,1490,0
1366,79,1,18,no,pobedo,11,4183,258,,258.0,2716,1467
1367,79,1,14,no,slibado,3,1159,424,,424.0,1159,0
1368,7,1,7,no,clivuno,4,1394,461,461.0,,461,244
1369,7,1,18,no,pobedo,6,2276,442,,442.0,1391,654
1370,7,1,15,no,cridolo,28,9755,425,425.0,,425,455
1371,7,1,10,no,criboto,8,3730,306,,306.0,823,1724
1372,7,1,4,yes,ceburo,4,2151,203,203.0,,203,757
1373,7,1,2,yes,zudulare,5,1235,276,,276.0,592,194
1374,7,1,14,no,slibado,6,1795,288,,288.0,579,1216
1375,7,1,13,yes,dorguvo,3,1289,331,,331.0,1289,0
1376,7,1,11,no,mernido,10,3339,209,209.0,,209,872
1377,7,1,9,yes,cettobo,4,989,267,,267.0,519,470
1378,7,1,3,no,mudegare,4,1138,220,,220.0,628,510
1379,7,1,1,yes,rugobare,6,2190,319,,319.0,1150,1040
1380,7,1,12,yes,pubbano,4,1604,360,,360.0,795,809
1381,7,1,16,no,ceveco,3,1940,546,,546.0,1940,0
1382,7,1,5,no,vutuvo,6,2150,231,231.0,,231,1797
1383,7,1,17,yes,vugipo,7,2131,105,105.0,,105,543
1384,7,1,6,yes,tobufa,3,1246,273,273.0,,273,973
1385,7,1,8,yes,vicrazo,3,692,285,285.0,,285,127
1386,80,2,2,no,zudulare,9,2039,220,,220.0,916,1123
1387,80,2,9,no,cettobo,8,2192,159,,159.0,1761,431
1388,80,2,7,yes,clivuno,3,1031,231,231.0,,231,800
1389,80,2,17,no,vugipo,8,2355,733,,733.0,1048,1307
1390,80,2,13,no,dorguvo,6,1955,603,,603.0,1955,0
1391,80,2,5,yes,vutuvo,4,1627,265,265.0,,265,642
1392,80,2,10,yes,criboto,4,985,328,,328.0,548,437
1393,80,2,15,yes,cridolo,1,704,704,704.0,,704,0
1394,80,2,11,yes,mernido,8,2907,378,,378.0,2907,0
1395,80,2,14,yes,slibado,7,1636,190,190.0,,190,923
1396,80,2,3,yes,mudegare,3,724,305,305.0,,305,419
1397,80,2,12,no,pubbano,7,1582,333,,333.0,1381,201
1398,80,2,18,yes,pobedo,2,921,608,608.0,,608,313
1399,80,2,4,no,ceburo,2,1006,823,823.0,,823,183
1400,80,2,8,no,vicrazo,3,620,99,99.0,,99,305
1401,80,2,6,no,tobufa,8,1554,440,,440.0,1554,0
1402,80,2,16,yes,ceveco,7,1569,263,,263.0,1569,0
1403,80,2,1,no,rugobare,10,2500,332,,332.0,1133,232
1404,81,1,4,yes,ceburo,3,901,229,229.0,,229,672
1405,81,1,11,no,mernido,5,1773,322,,322.0,612,610
1406,81,1,15,no,cridolo,3,1199,330,330.0,,330,869
1407,81,1,7,no,clivuno,4,1320,544,,544.0,858,462
1408,81,1,3,no,mudegare,4,1296,211,,211.0,1296,0
1409,81,1,2,yes,zudulare,10,3490,205,,205.0,2895,385
1410,81,1,5,no,vutuvo,6,2141,380,,380.0,2141,0
1411,81,1,18,no,pobedo,3,755,338,,338.0,755,0
1412,81,1,10,no,criboto,7,2110,224,,224.0,412,224
1413,81,1,14,no,slibado,3,815,299,,299.0,815,0
1414,81,1,6,yes,tobufa,5,2283,440,,440.0,794,652
1415,81,1,12,yes,pubbano,3,865,309,,309.0,865,0
1416,81,1,17,yes,vugipo,4,1083,343,,343.0,545,538
1417,81,1,16,no,ceveco,2,538,264,,264.0,538,0
1418,81,1,13,yes,dorguvo,1,408,408,408.0,,408,0
1419,81,1,1,yes,rugobare,3,679,387,,387.0,679,0
1420,81,1,8,yes,vicrazo,2,454,218,,218.0,454,0
1421,81,1,9,yes,cettobo,1,761,761,761.0,,761,0
1422,82,2,16,yes,ceveco,5,2238,158,,158.0,2238,0
1423,82,2,2,no,zudulare,9,2952,243,243.0,,243,2709
1424,82,2,11,yes,mernido,4,946,171,,171.0,946,0
1425,82,2,14,yes,slibado,3,1190,324,,324.0,1190,0
1426,82,2,15,yes,cridolo,3,1345,289,289.0,,289,1056
1427,82,2,1,no,rugobare,9,2157,254,,254.0,1092,1065
1428,82,2,18,yes,pobedo,5,1649,265,265.0,,265,547
1429,82,2,12,no,pubbano,3,1214,316,,316.0,1214,0
1430,82,2,10,yes,criboto,3,644,236,,236.0,644,0
1431,82,2,17,no,vugipo,4,1003,93,93.0,,93,518
1432,82,2,3,yes,mudegare,4,1043,295,295.0,,295,748
1433,82,2,4,no,ceburo,5,1141,275,275.0,,275,722
1434,82,2,13,no,dorguvo,6,1772,305,305.0,,305,1467
1435,82,2,8,no,vicrazo,6,1193,235,,235.0,376,676
1436,82,2,6,no,tobufa,6,2169,407,,407.0,490,1679
1437,82,2,5,yes,vutuvo,3,904,356,,356.0,904,0
1438,82,2,7,yes,clivuno,3,1733,479,,479.0,646,1087
1439,82,2,9,no,cettobo,7,1861,347,,347.0,444,569
1440,83,1,4,yes,ceburo,8,1976,198,198.0,,198,1778
1441,83,1,15,no,cridolo,5,1262,230,230.0,,230,116
1442,83,1,16,no,ceveco,9,2341,169,,169.0,2341,0
1443,83,1,9,yes,cettobo,6,2236,368,368.0,,368,1868
1444,83,1,1,yes,rugobare,6,1699,316,,316.0,1699,0
1445,83,1,13,yes,dorguvo,2,1045,668,,668.0,1045,0
1446,83,1,7,no,clivuno,3,844,199,199.0,,199,645
1447,83,1,17,yes,vugipo,3,861,219,,219.0,861,0
1448,83,1,12,yes,pubbano,3,636,323,,323.0,482,154
1449,83,1,3,no,mudegare,5,1631,294,,294.0,1631,0
1450,83,1,14,no,slibado,5,1532,333,,333.0,1532,0
1451,83,1,8,yes,vicrazo,1,332,332,332.0,,332,0
1452,83,1,11,no,mernido,4,869,282,,282.0,559,310
1453,83,1,2,yes,zudulare,3,685,332,,332.0,685,0
1454,83,1,6,yes,tobufa,3,593,258,,258.0,593,0
1455,83,1,5,no,vutuvo,5,1809,680,,680.0,1809,0
1456,83,1,18,no,pobedo,6,1957,197,,197.0,1957,0
1457,83,1,10,no,criboto,2,455,225,225.0,,225,230
1458,84,2,12,no,pubbano,3,1797,409,409.0,,409,353
1459,84,2,15,yes,cridolo,2,814,456,,456.0,814,0
1460,84,2,2,no,zudulare,4,1501,224,,224.0,1165,336
1461,84,2,6,no,tobufa,3,1809,572,572.0,,572,1237
1462,84,2,1,no,rugobare,6,3164,554,,554.0,3164,0
1463,84,2,16,yes,ceveco,7,2040,273,273.0,,273,976
1464,84,2,17,no,vugipo,4,1685,560,,560.0,1395,290
1465,84,2,8,no,vicrazo,10,3280,224,,224.0,599,303
1466,84,2,11,yes,mernido,9,3884,260,,260.0,1192,1290
1467,84,2,4,no,ceburo,4,1647,463,,463.0,679,457
1468,84,2,5,yes,vutuvo,2,1105,637,637.0,,637,468
1469,84,2,13,no,dorguvo,6,2126,315,,315.0,2001,125
1470,84,2,14,yes,slibado,6,2816,597,,597.0,908,1544
1471,84,2,3,yes,mudegare,8,4160,467,,467.0,2088,1582
1472,84,2,9,no,cettobo,8,2758,313,,313.0,539,493
1473,84,2,10,yes,criboto,4,959,149,,149.0,959,0
1474,84,2,18,yes,pobedo,5,1660,372,,372.0,769,676
1475,84,2,7,yes,clivuno,4,1645,209,,209.0,953,692
1476,85,1,10,no,criboto,2,524,250,250.0,,250,274
1477,85,1,3,no,mudegare,6,1353,200,,200.0,406,201
1478,85,1,12,yes,pubbano,2,555,276,276.0,,276,279
1479,85,1,13,yes,dorguvo,1,416,416,416.0,,416,0
1480,85,1,7,no,clivuno,0,0,0,,,0,0
1481,85,1,2,yes,zudulare,2,406,217,217.0,,217,189
1482,85,1,14,no,slibado,1,278,278,278.0,,278,0
1483,85,1,5,no,vutuvo,8,1840,174,174.0,,174,262
1484,85,1,8,yes,vicrazo,2,555,247,247.0,,247,308
1485,85,1,4,yes,ceburo,1,263,263,263.0,,263,0
1486,85,1,1,yes,rugobare,1,372,372,372.0,,372,0
1487,85,1,15,no,cridolo,3,563,232,232.0,,232,200
1488,85,1,18,no,pobedo,3,872,275,275.0,,275,384
1489,85,1,6,yes,tobufa,4,1208,279,,279.0,655,389
1490,85,1,17,yes,vugipo,6,1554,365,365.0,,365,296
1491,85,1,11,no,mernido,5,1230,179,,179.0,364,339
1492,85,1,16,no,ceveco,3,914,545,545.0,,545,205
1493,85,1,9,yes,cettobo,1,206,206,206.0,,206,0
1494,86,2,7,yes,clivuno,9,3557,357,,357.0,1439,2118
1495,86,2,9,no,cettobo,3,1186,521,521.0,,521,279
1496,86,2,18,yes,pobedo,4,1217,242,,242.0,1217,0
1497,86,2,11,yes,mernido,3,1160,304,304.0,,304,631
1498,86,2,3,yes,mudegare,6,2597,467,,467.0,2597,0
1499,86,2,14,yes,slibado,4,1845,348,,348.0,1845,0
1500,86,2,12,no,pubbano,4,1589,228,,228.0,1589,0
1501,86,2,4,no,ceburo,2,847,431,,431.0,847,0
1502,86,2,1,no,rugobare,4,1406,691,,691.0,1406,0
1503,86,2,15,yes,cridolo,3,1395,536,,536.0,1395,0
1504,86,2,17,no,vugipo,3,1511,96,,96.0,1511,0
1505,86,2,10,yes,criboto,3,1228,228,,228.0,1228,0
1506,86,2,6,no,tobufa,3,1179,169,,169.0,1179,0
1507,86,2,13,no,dorguvo,3,804,148,,148.0,804,0
1508,86,2,16,yes,ceveco,2,588,189,,189.0,588,0
1509,86,2,5,yes,vutuvo,4,1183,160,,160.0,1183,0
1510,86,2,2,no,zudulare,2,729,441,,441.0,729,0
1511,86,2,8,no,vicrazo,4,1164,292,,292.0,625,539
1512,8,2,11,yes,mernido,7,1962,384,,384.0,739,1223
1513,8,2,18,yes,pobedo,6,1466,254,,254.0,638,828
1514,8,2,15,yes,cridolo,3,1028,420,420.0,,420,608
1515,8,2,2,no,zudulare,6,2543,483,,483.0,784,1447
1516,8,2,8,no,vicrazo,6,2357,448,448.0,,448,1500
1517,8,2,4,no,ceburo,6,1192,262,262.0,,262,603
1518,8,2,3,yes,mudegare,8,2916,473,,473.0,713,687
1519,8,2,13,no,dorguvo,6,1938,451,451.0,,451,714
1520,8,2,14,yes,slibado,10,2324,485,,485.0,1267,1057
1521,8,2,17,no,vugipo,5,1637,367,,367.0,1199,438
1522,8,2,16,yes,ceveco,4,1012,330,,330.0,634,287
1523,8,2,5,yes,vutuvo,5,1252,336,,336.0,1252,0
1524,8,2,6,no,tobufa,5,1284,336,,336.0,769,515
1525,8,2,12,no,pubbano,5,1161,395,,395.0,981,180
1526,8,2,9,no,cettobo,9,3216,208,,208.0,3216,0
1527,8,2,1,no,rugobare,5,1323,235,,235.0,1323,0
1528,8,2,10,yes,criboto,4,892,283,,283.0,892,0
1529,8,2,7,yes,clivuno,6,1444,218,,218.0,1444,0
1530,9,1,2,yes,zudulare,3,557,261,,261.0,557,0
1531,9,1,4,yes,ceburo,1,102,102,102.0,,102,0
1532,9,1,1,yes,rugobare,0,0,0,,,0,0
1533,9,1,7,no,clivuno,1,90,90,90.0,,90,0
1534,9,1,11,no,mernido,4,723,216,,216.0,391,195
1535,9,1,16,no,ceveco,6,2482,275,,275.0,978,1116
1536,9,1,5,no,vutuvo,6,1286,86,,86.0,296,257
1537,9,1,12,yes,pubbano,3,665,217,217.0,,217,324
1538,9,1,15,no,cridolo,5,1062,314,314.0,,314,222
1539,9,1,9,yes,cettobo,4,983,340,340.0,,340,247
1540,9,1,17,yes,vugipo,3,322,113,113.0,,113,209
1541,9,1,3,no,mudegare,3,645,163,,163.0,645,0
1542,9,1,13,yes,dorguvo,5,1504,170,,170.0,716,302
1543,9,1,14,no,slibado,2,342,189,189.0,,189,153
1544,9,1,10,no,criboto,7,2138,237,,237.0,569,172
1545,9,1,8,yes,vicrazo,2,347,135,135.0,,135,212
1546,9,1,6,yes,tobufa,1,443,443,443.0,,443,0
1547,9,1,18,no,pobedo,4,1003,199,199.0,,199,271
